id,answer
1,A
2,A
3,B
4,A
5,C
6,B
7,C
8,A
9,C
10,C
11,C
12,C
13,B
14,C
15,C
16,C
17,C
18,A
19,A
20,C
21,C
22,C
23,C
24,A
25,C
26,A
27,C
28,A
29,C
30,B
31,A
32,A
33,A
34,C
35,C
36,C
37,C
38,A
39,C
40,A
41,C
42,A
43,A
44,B
45,B
46,A
47,C
48,A
49,C
50,A
51,B
52,C
53,C
54,A
55,A
56,A
57,C
58,A
59,B
60,B
61,C
62,A
63,C
64,B
65,C
66,A
67,C
68,B
69,A
70,C
71,A
72,A
73,B
74,C
75,C
76,A
77,C
78,A
79,A
80,C
81,C
82,C
83,B
84,B
85,B
86,C
87,C
88,A
89,C
90,C
91,C
92,C
93,A
94,A
95,C
96,A
97,C
98,A
99,A
100,C
101,A
102,A
103,C
104,A
105,C
106,A
107,A
108,B
109,A
110,A
111,A
112,A
113,A
114,C
115,C
116,B
117,C
118,B
119,C
120,C
121,A
122,C
123,A
124,B
125,C
126,C
127,A
128,C
129,A
130,B
131,A
132,C
133,C
134,A
135,C
136,A
137,A
138,C
139,A
140,C
141,A
142,A
143,C
144,C
145,A
146,B
147,A
148,C
149,A
150,A
151,A
152,C
153,C
154,A
155,C
156,C
157,C
158,C
159,A
160,A
161,A
162,A
163,C
164,C
165,C
166,A
167,A
168,A
169,C
170,C
171,C
172,A
173,C
174,B
175,A
176,A
177,A
178,B
179,A
180,C
181,A
182,A
183,B
184,B
185,A
186,B
187,C
188,A
189,B
190,A
191,C
192,A
193,A
194,A
195,C
196,C
197,A
198,A
199,B
200,A
201,C
202,C
203,A
204,C
205,A
206,C
207,C
208,B
209,C
210,B
211,A
212,A
213,C
214,C
215,C
216,A
217,B
218,A
219,A
220,C
221,C
222,C
223,A
224,A
225,A
226,A
227,A
228,C
229,B
230,B
231,B
232,A
233,C
234,B
235,C
236,C
237,C
238,C
239,C
240,A
241,A
242,A
243,C
244,C
245,C
246,C
247,B
248,C
249,A
250,C
251,B
252,C
253,B
254,C
255,A
256,A
257,A
258,C
259,A
260,A
261,A
262,A
263,A
264,A
265,C
266,B
267,C
268,B
269,C
270,A
271,C
272,C
273,A
274,C
275,A
276,C
277,C
278,C
279,B
280,C
281,A
282,C
283,A
284,C
285,C
286,A
287,A
288,C
289,A
290,C
291,A
292,A
293,A
294,C
295,A
296,C
297,C
298,C
299,B
300,B
301,A
302,A
303,A
304,C
305,A
306,C
307,A
308,C
309,B
310,A
311,C
312,C
313,A
314,C
315,C
316,A
317,C
318,C
319,C
320,C
321,A
322,C
323,A
324,B
325,B
326,A
327,C
328,C
329,A
330,A
331,C
332,A
333,A
334,A
335,A
336,A
337,B
338,A
339,C
340,A
341,A
342,C
343,C
344,C
345,A
346,A
347,C
348,A
349,B
350,A
351,A
352,C
353,C
354,A
355,C
356,A
357,A
358,C
359,A
360,C
361,A
362,C
363,B
364,B
365,C
366,C
367,A
368,A
369,A
370,C
371,A
372,C
373,A
374,C
375,A
376,B
377,A
378,C
379,A
380,C
381,A
382,C
383,A
384,C
385,A
386,A
387,C
388,C
389,C
390,C
391,A
392,C
393,C
394,A
395,C
396,C
397,C
398,A
399,A
400,B
401,C
402,C
403,C
404,A
405,B
406,C
407,A
408,A
409,C
410,C
411,B
412,C
413,A
414,C
415,B
416,C
417,A
418,C
419,C
420,C
421,C
422,C
423,C
424,C
425,C
426,B
427,C
428,A
429,A
430,B
431,A
432,A
433,A
434,C
435,C
436,A
437,A
438,A
439,C
440,C
441,A
442,A
443,A
444,A
445,C
446,A
447,A
448,A
449,B
450,C
451,A
452,C
453,A
454,A
455,C
456,A
457,C
458,A
459,A
460,A
461,B
462,C
463,B
464,C
465,C
466,C
467,C
468,C
469,C
470,C
471,A
472,A
473,C
474,B
475,A
476,C
477,B
478,A
479,B
480,C
481,B
482,C
483,C
484,A
485,C
486,A
487,C
488,C
489,A
490,C
491,A
492,C
493,B
494,C
495,B
496,A
497,C
498,A
499,A
500,A
501,A
502,C
503,A
504,A
505,A
506,A
507,C
508,B
509,A
510,B
511,A
512,A
513,B
514,A
515,C
516,B
517,C
518,A
519,C
520,B
521,A
522,A
523,C
524,A
525,C
526,B
527,C
528,C
529,A
530,A
531,B
532,A
533,A
534,A
535,A
536,C
537,A
538,C
539,C
540,C
541,A
542,B
543,B
544,C
545,C
546,A
547,C
548,C
549,B
550,C
551,C
552,C
553,A
554,B
555,A
556,A
557,C
558,B
559,C
560,A
561,C
562,A
563,C
564,B
565,C
566,C
567,C
568,A
569,B
570,C
571,C
572,C
573,A
574,C
575,C
576,B
577,C
578,C
579,C
580,A
581,A
582,A
583,A
584,B
585,A
586,C
587,B
588,A
589,C
590,B
591,C
592,C
593,A
594,C
595,B
596,C
597,C
598,C
599,C
600,A
601,A
602,C
603,A
604,C
605,C
606,C
607,B
608,A
609,A
610,C
611,C
612,A
613,A
614,C
615,A
616,C
617,A
618,C
619,A
620,B
621,A
622,A
623,C
624,C
625,A
626,B
627,C
628,B
629,C
630,C
631,C
632,C
633,A
634,C
635,A
636,B
637,A
638,B
639,A
640,C
641,B
642,C
643,A
644,C
645,B
646,A
647,A
648,A
649,A
650,C
651,A
652,C
653,A
654,C
655,A
656,C
657,C
658,C
659,C
660,A
661,C
662,C
663,C
664,A
665,A
666,A
667,C
668,A
669,A
670,A
671,C
672,A
673,A
674,B
675,A
676,C
677,C
678,A
679,C
680,C
681,C
682,A
683,C
684,C
685,C
686,B
687,C
688,B
689,C
690,B
691,A
692,A
693,C
694,A
695,C
696,A
697,C
698,A
699,A
700,A
701,C
702,A
703,A
704,B
705,B
706,C
707,C
708,B
709,A
710,C
711,A
712,B
713,B
714,A
715,C
716,B
717,C
718,A
719,C
720,B
721,A
722,A
723,A
724,A
725,A
726,A
727,A
728,A
729,A
730,C
731,C
732,C
733,C
734,B
735,C
736,C
737,C
738,A
739,B
740,A
741,B
742,C
743,C
744,B
745,A
746,B
747,C
748,A
749,A
750,C
751,A
752,A
753,A
754,B
755,A
756,C
757,C
758,A
759,A
760,A
761,A
762,C
763,A
764,A
765,C
766,C
767,C
768,A
769,C
770,A
771,A
772,C
773,A
774,C
775,C
776,C
777,C
778,A
779,C
780,C
781,A
782,B
783,B
784,A
785,C
786,C
787,C
788,A
789,B
790,B
791,A
792,A
793,B
794,C
795,B
796,B
797,A
798,A
799,A
800,A
801,C
802,B
803,A
804,B
805,C
806,C
807,A
808,C
809,A
810,C
811,C
812,B
813,C
814,A
815,C
816,B
817,B
818,A
819,C
820,A
821,C
822,B
823,C
824,A
825,A
826,C
827,C
828,A
829,B
830,A
831,B
832,B
833,A
834,B
835,C
836,C
837,C
838,A
839,C
840,A
841,A
842,A
843,C
844,A
845,A
846,B
847,A
848,C
849,C
850,C
851,C
852,C
853,C
854,A
855,C
856,C
857,C
858,A
859,C
860,A
861,C
862,A
863,B
864,C
865,C
866,B
867,C
868,A
869,A
870,A
871,A
872,B
873,A
874,B
875,C
876,C
877,B
878,C
879,A
880,C
881,A
882,C
883,A
884,A
885,B
886,C
887,A
888,A
889,C
890,A
891,A
892,C
893,B
894,A
895,A
896,C
897,C
898,B
899,C
900,A
901,A
902,C
903,A
904,C
905,A
906,C
907,A
908,B
909,A
910,A
911,C
912,A
913,C
914,B
915,C
916,B
917,C
918,A
919,A
920,A
921,B
922,A
923,C
924,A
925,C
926,A
927,B
928,C
929,C
930,C
931,A
932,C
933,A
934,A
935,B
936,A
937,A
938,C
939,C
940,B
941,C
942,A
943,C
944,A
945,A
946,A
947,C
948,A
949,C
950,A
951,C
952,A
953,C
954,A
955,C
956,B
957,C
958,A
959,C
960,A
961,C
962,A
963,B
964,C
965,A
966,B
967,A
968,B
969,C
970,B
971,C
972,A
973,A
974,C
975,B
976,C
977,A
978,A
979,C
980,C
981,C
982,B
983,C
984,C
985,C
986,C
987,B
988,C
989,A
990,C
991,B
992,C
993,C
994,A
995,A
996,A
997,B
998,A
999,A
1000,A
1001,A
1002,C
1003,A
1004,C
1005,C
1006,C
1007,C
1008,C
1009,C
1010,A
1011,A
1012,A
1013,A
1014,C
1015,B
1016,C
1017,A
1018,A
1019,C
1020,C
1021,B
1022,B
1023,A
1024,B
1025,A
1026,B
1027,A
1028,A
1029,A
1030,A
1031,C
1032,C
1033,B
1034,A
1035,B
1036,A
1037,A
1038,A
1039,A
1040,A
1041,C
1042,C
1043,A
1044,A
1045,B
1046,C
1047,C
1048,C
1049,C
1050,A
1051,B
1052,A
1053,A
1054,C
1055,A
1056,C
1057,A
1058,C
1059,A
1060,C
1061,A
1062,C
1063,A
1064,C
1065,C
1066,C
1067,A
1068,A
1069,A
1070,A
1071,A
1072,B
1073,A
1074,C
1075,A
1076,C
1077,B
1078,C
1079,C
1080,B
1081,B
1082,B
1083,A
1084,C
1085,B
1086,B
1087,A
1088,C
1089,B
1090,C
1091,C
1092,C
1093,A
1094,C
1095,C
1096,A
1097,A
1098,A
1099,C
1100,C
1101,A
1102,A
1103,C
1104,B
1105,C
1106,C
1107,A
1108,C
1109,A
1110,C
1111,A
1112,C
1113,A
1114,A
1115,A
1116,B
1117,B
1118,C
1119,C
1120,C
1121,A
1122,A
1123,C
1124,B
1125,C
1126,C
1127,C
1128,A
1129,C
1130,B
1131,C
1132,C
1133,C
1134,B
1135,C
1136,A
1137,C
1138,C
1139,A
1140,C
1141,B
1142,A
1143,A
1144,A
1145,C
1146,A
1147,C
1148,B
1149,A
1150,B
1151,A
1152,A
1153,B
1154,C
1155,C
1156,A
1157,A
1158,C
1159,A
1160,A
1161,A
1162,C
1163,B
1164,B
1165,A
1166,C
1167,A
1168,C
1169,A
1170,C
1171,A
1172,C
1173,A
1174,C
1175,A
1176,A
1177,C
1178,B
1179,C
1180,B
1181,B
1182,A
1183,C
1184,C
1185,B
1186,C
1187,A
1188,C
1189,C
1190,C
1191,C
1192,C
1193,B
1194,C
1195,A
1196,C
1197,C
1198,C
1199,A
1200,A
1201,B
1202,C
1203,C
1204,A
1205,C
1206,B
1207,C
1208,A
1209,A
1210,B
1211,C
1212,C
1213,A
1214,C
1215,B
1216,C
1217,C
1218,A
1219,A
1220,A
1221,C
1222,C
1223,C
1224,C
1225,C
1226,A
1227,A
1228,A
1229,B
1230,A
1231,C
1232,C
1233,C
1234,C
1235,C
1236,B
1237,A
1238,C
1239,C
1240,A
1241,C
1242,A
1243,C
1244,C
1245,C
1246,A
1247,C
1248,A
1249,C
1250,C
1251,A
1252,A
1253,B
1254,A
1255,B
1256,B
1257,C
1258,C
1259,C
1260,A
1261,C
1262,A
1263,A
1264,C
1265,C
1266,C
1267,A
1268,A
1269,C
1270,A
1271,A
1272,C
1273,C
1274,C
1275,B
1276,A
1277,A
1278,C
1279,B
1280,C
1281,A
1282,C
1283,A
1284,C
1285,A
1286,B
1287,C
1288,A
1289,C
1290,C
1291,A
1292,B
1293,C
1294,C
1295,C
1296,B
1297,B
1298,C
1299,A
1300,B
1301,B
1302,A
1303,A
1304,B
1305,A
1306,B
1307,A
1308,C
1309,A
1310,C
1311,C
1312,C
1313,A
1314,A
1315,A
1316,A
1317,C
1318,C
1319,A
1320,A
1321,C
1322,C
1323,B
1324,A
1325,C
1326,A
1327,C
1328,C
1329,A
1330,B
1331,A
1332,A
1333,A
1334,C
1335,A
1336,A
1337,B
1338,C
1339,A
1340,B
1341,C
1342,B
1343,C
1344,C
1345,B
1346,C
1347,C
1348,C
1349,C
1350,A
1351,C
1352,C
1353,C
1354,A
1355,C
1356,A
1357,B
1358,B
1359,C
1360,B
1361,C
1362,A
1363,A
1364,B
1365,C
1366,A
1367,C
1368,A
1369,C
1370,B
1371,B
1372,A
1373,A
1374,C
1375,A
1376,C
1377,A
1378,B
1379,A
1380,A
1381,A
1382,C
1383,A
1384,A
1385,C
1386,C
1387,A
1388,A
1389,C
1390,C
1391,A
1392,C
1393,A
1394,C
1395,C
1396,A
1397,C
1398,C
1399,C
1400,C
1401,A
1402,A
1403,B
1404,B
1405,B
1406,C
1407,C
1408,C
1409,C
1410,A
1411,A
1412,C
1413,C
1414,C
1415,C
1416,A
1417,B
1418,C
1419,B
1420,C
1421,A
1422,A
1423,A
1424,A
1425,B
1426,C
1427,C
1428,A
1429,A
1430,A
1431,A
1432,B
1433,C
1434,B
1435,A
1436,A
1437,C
1438,C
1439,A
1440,C
1441,B
1442,A
1443,C
1444,A
1445,A
1446,C
1447,B
1448,B
1449,A
1450,C
1451,B
1452,B
1453,A
1454,C
1455,C
1456,C
1457,B
1458,C
1459,B
1460,A
1461,A
1462,C
1463,A
1464,A
1465,B
1466,A
1467,C
1468,A
1469,C
1470,A
1471,C
1472,A
1473,B
1474,A
1475,C
1476,A
1477,B
1478,A
1479,A
1480,A
1481,A
1482,A
1483,A
1484,B
1485,A
1486,A
1487,B
1488,A
1489,C
1490,A
1491,A
1492,C
1493,A
1494,C
1495,A
1496,A
1497,B
1498,C
1499,A
1500,A
1501,A
1502,C
1503,C
1504,C
1505,A
1506,A
1507,A
1508,A
1509,A
1510,C
1511,A
1512,A
1513,C
1514,B
1515,C
1516,C
1517,B
1518,C
1519,A
1520,C
1521,A
1522,C
1523,A
1524,C
1525,B
1526,A
1527,A
1528,A
1529,C
1530,A
1531,C
1532,B
1533,C
1534,A
1535,C
1536,A
1537,C
1538,C
1539,C
1540,A
1541,B
1542,A
1543,C
1544,A
1545,B
1546,C
1547,C
1548,A
1549,C
1550,A
1551,A
1552,A
1553,A
1554,A
1555,B
1556,B
1557,C
1558,A
1559,B
1560,A
1561,A
1562,B
1563,C
1564,C
1565,C
1566,C
1567,B
1568,C
1569,C
1570,C
1571,C
1572,C
1573,C
1574,C
1575,A
1576,C
1577,B
1578,A
1579,A
1580,C
1581,A
1582,C
1583,A
1584,A
1585,A
1586,B
1587,A
1588,B
1589,A
1590,C
1591,A
1592,C
1593,A
1594,C
1595,B
1596,A
1597,C
1598,A
1599,C
1600,C
1601,C
1602,A
1603,B
1604,C
1605,A
1606,C
1607,B
1608,B
1609,A
1610,C
1611,A
1612,C
1613,B
1614,A
1615,A
1616,A
1617,A
1618,C
1619,C
1620,A
1621,C
1622,C
1623,C
1624,A
1625,C
1626,B
1627,C
1628,B
1629,C
1630,A
1631,C
1632,A
1633,C
1634,C
1635,A
1636,A
1637,A
1638,B
1639,A
1640,C
1641,A
1642,C
1643,A
1644,A
1645,A
1646,C
1647,A
1648,C
1649,C
1650,C
1651,C
1652,A
1653,C
1654,A
1655,C
1656,A
1657,C
1658,C
1659,C
1660,A
1661,C
1662,A
1663,A
1664,A
1665,B
1666,A
1667,A
1668,A
1669,A
1670,A
1671,B
1672,A
1673,C
1674,C
1675,B
1676,A
1677,B
1678,B
1679,B
1680,B
1681,A
1682,A
1683,A
1684,A
1685,A
1686,C
1687,C
1688,C
1689,A
1690,C
1691,A
1692,A
1693,A
1694,A
1695,A
1696,A
1697,C
1698,A
1699,C
1700,B
1701,B
1702,A
1703,C
1704,A
1705,A
1706,C
1707,C
1708,C
1709,C
1710,A
1711,C
1712,C
1713,C
1714,A
1715,C
1716,C
1717,C
1718,C
1719,C
1720,C
1721,A
1722,A
1723,C
1724,A
1725,C
1726,C
1727,A
1728,A
1729,A
1730,A
1731,A
1732,A
1733,A
1734,B
1735,B
1736,C
1737,A
1738,A
1739,B
1740,B
1741,C
1742,A
1743,A
1744,C
1745,A
1746,C
1747,A
1748,A
1749,C
1750,C
1751,A
1752,A
1753,B
1754,A
1755,C
1756,C
1757,C
1758,A
1759,C
1760,A
1761,C
1762,A
1763,C
1764,A
1765,C
1766,A
1767,C
1768,A
1769,C
1770,A
1771,A
1772,B
1773,C
1774,C
1775,B
1776,C
1777,B
1778,A
1779,A
1780,C
1781,C
1782,C
1783,C
1784,B
1785,C
1786,A
1787,C
1788,B
1789,C
1790,C
1791,A
1792,A
1793,C
1794,A
1795,C
1796,A
1797,C
1798,B
1799,C
1800,B
1801,C
1802,C
1803,B
1804,A
1805,A
1806,A
1807,A
1808,B
1809,B
1810,A
1811,A
1812,C
1813,A
1814,C
1815,C
1816,B
1817,C
1818,C
1819,C
1820,A
1821,C
1822,A
1823,C
1824,A
1825,C
1826,C
1827,A
1828,C
1829,C
1830,A
1831,A
1832,A
1833,C
1834,A
1835,C
1836,C
1837,B
1838,A
1839,C
1840,A
1841,A
1842,C
1843,C
1844,A
1845,A
1846,C
1847,A
1848,C
1849,A
1850,C
1851,A
1852,C
1853,B
1854,C
1855,A
1856,A
1857,B
1858,C
1859,B
1860,C
1861,C
1862,C
1863,A
1864,C
1865,A
1866,C
1867,C
1868,A
1869,C
1870,A
1871,A
1872,A
1873,A
1874,C
1875,A
1876,C
1877,A
1878,C
1879,A
1880,C
1881,A
1882,C
1883,C
1884,C
1885,A
1886,B
1887,C
1888,B
1889,C
1890,C
1891,C
1892,C
1893,A
1894,C
1895,A
1896,C
1897,C
1898,C
1899,C
1900,C
1901,A
1902,C
1903,A
1904,A
1905,B
1906,A
1907,B
1908,C
1909,B
1910,A
1911,B
1912,B
1913,A
1914,C
1915,B
1916,B
1917,A
1918,A
1919,A
1920,B
1921,A
1922,C
1923,B
1924,C
1925,C
1926,C
1927,A
1928,C
1929,A
1930,C
1931,C
1932,C
1933,A
1934,C
1935,B
1936,A
1937,A
1938,A
1939,A
1940,B
1941,C
1942,C
1943,C
1944,B
1945,C
1946,A
1947,C
1948,A
1949,C
1950,C
1951,A
1952,C
1953,A
1954,A
1955,A
1956,A
1957,B
1958,A
1959,C
1960,C
1961,B
1962,C
1963,A
1964,C
1965,B
1966,C
1967,A
1968,C
1969,C
1970,C
1971,C
1972,C
1973,A
1974,B
1975,C
1976,A
1977,A
1978,B
1979,B
1980,C
1981,C
1982,B
1983,C
1984,B
1985,C
1986,C
1987,C
1988,A
1989,A
1990,C
1991,A
1992,C
1993,C
1994,C
1995,C
1996,A
1997,C
1998,A
1999,B
2000,C
2001,C
2002,C
2003,A
2004,C
2005,C
2006,A
2007,C
2008,A
2009,C
2010,B
2011,C
2012,B
2013,B
2014,C
2015,C
2016,A
2017,A
2018,A
2019,B
2020,C
2021,C
2022,B
2023,C
2024,C
2025,C
2026,A
2027,C
2028,C
2029,A
2030,B
2031,C
2032,C
2033,A
2034,C
2035,A
2036,A
2037,B
2038,C
2039,A
2040,A
2041,C
2042,C
2043,A
2044,A
2045,A
2046,C
2047,A
2048,C
2049,A
2050,A
2051,A
2052,C
2053,A
2054,C
2055,C
2056,B
2057,A
2058,C
2059,A
2060,A
2061,B
2062,C
2063,C
2064,C
2065,A
2066,C
2067,A
2068,A
2069,C
2070,A
2071,C
2072,C
2073,A
2074,B
2075,C
2076,B
2077,A
2078,A
2079,A
2080,A
2081,B
2082,C
2083,B
2084,A
2085,C
2086,A
2087,C
2088,C
2089,C
2090,A
2091,C
2092,B
2093,C
2094,A
2095,C
2096,A
2097,A
2098,C
2099,B
2100,C
2101,C
2102,C
2103,C
2104,A
2105,C
2106,C
2107,A
2108,C
2109,A
2110,A
2111,A
2112,A
2113,B
2114,A
2115,C
2116,A
2117,C
2118,B
2119,C
2120,C
2121,A
2122,C
2123,A
2124,A
2125,A
2126,C
2127,A
2128,A
2129,A
2130,B
2131,B
2132,A
2133,B
2134,C
2135,C
2136,C
2137,A
2138,C
2139,A
2140,C
2141,A
2142,C
2143,A
2144,C
2145,B
2146,C
2147,C
2148,A
2149,C
2150,C
2151,A
2152,C
2153,A
2154,C
2155,A
2156,A
2157,A
2158,C
2159,C
2160,C
2161,C
2162,A
2163,C
2164,A
2165,C
2166,C
2167,C
2168,A
2169,A
2170,C
2171,C
2172,C
2173,A
2174,C
2175,A
2176,A
2177,A
2178,C
2179,C
2180,C
2181,A
2182,B
2183,A
2184,C
2185,A
2186,C
2187,C
2188,C
2189,C
2190,A
2191,A
2192,A
2193,A
2194,B
2195,C
2196,C
2197,C
2198,A
2199,C
2200,C
2201,C
2202,C
2203,C
2204,C
2205,C
2206,A
2207,A
2208,C
2209,C
2210,C
2211,A
2212,C
2213,A
2214,A
2215,A
2216,A
2217,C
2218,A
2219,A
2220,A
2221,A
2222,C
2223,B
2224,C
2225,B
2226,C
2227,C
2228,A
2229,A
2230,A
2231,C
2232,C
2233,C
2234,C
2235,A
2236,C
2237,C
2238,C
2239,C
2240,B
2241,A
2242,C
2243,A
2244,A
2245,A
2246,B
2247,A
2248,C
2249,A
2250,B
2251,C
2252,C
2253,B
2254,C
2255,C
2256,A
2257,C
2258,A
2259,C
2260,C
2261,C
2262,C
2263,A
2264,A
2265,B
2266,C
2267,A
2268,A
2269,A
2270,C
2271,C
2272,C
2273,C
2274,A
2275,C
2276,A
2277,C
2278,C
2279,A
2280,A
2281,B
2282,A
2283,A
2284,C
2285,A
2286,B
2287,B
2288,C
2289,C
2290,C
2291,B
2292,A
2293,B
2294,B
2295,A
2296,C
2297,C
2298,A
2299,C
2300,C
2301,C
2302,A
2303,C
2304,A
2305,C
2306,B
2307,C
2308,B
2309,C
2310,A
2311,A
2312,A
2313,A
2314,A
2315,A
2316,A
2317,A
2318,C
2319,C
2320,C
2321,C
2322,C
2323,C
2324,A
2325,C
2326,A
2327,B
2328,B
2329,C
2330,B
2331,C
2332,B
2333,C
2334,C
2335,B
2336,C
2337,B
2338,B
2339,A
2340,A
2341,A
2342,C
2343,C
2344,A
2345,A
2346,C
2347,A
2348,C
2349,C
2350,B
2351,C
2352,A
2353,C
2354,C
2355,A
2356,A
2357,C
2358,A
2359,C
2360,A
2361,C
2362,A
2363,C
2364,C
2365,A
2366,C
2367,A
2368,B
2369,A
2370,C
2371,B
2372,C
2373,A
2374,A
2375,C
2376,B
2377,B
2378,C
2379,A
2380,C
2381,A
2382,A
2383,A
2384,C
2385,A
2386,C
2387,A
2388,A
2389,B
2390,C
2391,C
2392,A
2393,C
2394,A
2395,A
2396,C
2397,A
2398,C
2399,C
2400,A
2401,A
2402,A
2403,A
2404,C
2405,A
2406,C
2407,B
2408,A
2409,C
2410,C
2411,A
2412,A
2413,B
2414,C
2415,A
2416,A
2417,A
2418,A
2419,B
2420,C
2421,A
2422,C
2423,A
2424,C
2425,C
2426,C
2427,A
2428,C
2429,C
2430,C
2431,A
2432,C
2433,A
2434,A
2435,A
2436,C
2437,C
2438,C
2439,B
2440,B
2441,B
2442,C
2443,A
2444,C
2445,A
2446,A
2447,A
2448,B
2449,A
2450,C
2451,A
2452,C
2453,A
2454,C
2455,A
2456,C
2457,C
2458,B
2459,C
2460,A
2461,C
2462,A
2463,C
2464,A
2465,B
2466,B
2467,C
2468,C
2469,A
2470,B
2471,A
2472,A
2473,C
2474,A
2475,C
2476,A
2477,C
2478,A
2479,C
2480,A
2481,A
2482,A
2483,C
2484,A
2485,B
2486,B
2487,C
2488,B
2489,A
2490,A
2491,C
2492,C
2493,B
2494,C
2495,A
2496,A
2497,B
2498,C
2499,B
2500,C
2501,A
2502,C
2503,C
2504,A
2505,A
2506,A
2507,C
2508,C
2509,A
2510,A
2511,B
2512,A
2513,C
2514,A
2515,B
2516,A
2517,C
2518,A
2519,A
2520,B
2521,A
2522,A
2523,B
2524,C
2525,A
2526,C
2527,A
2528,A
2529,B
2530,A
2531,C
2532,C
2533,B
2534,A
2535,A
2536,B
2537,B
2538,C
2539,B
2540,B
2541,B
2542,C
2543,C
2544,A
2545,B
2546,B
2547,C
2548,A
2549,C
2550,A
2551,C
2552,C
2553,A
2554,C
2555,C
2556,A
2557,C
2558,A
2559,C
2560,A
2561,C
2562,A
2563,C
2564,A
2565,B
2566,B
2567,C
2568,B
2569,A
2570,A
2571,A
2572,A
2573,A
2574,A
2575,B
2576,C
2577,C
2578,A
2579,C
2580,A
2581,C
2582,A
2583,A
2584,C
2585,C
2586,A
2587,A
2588,A
2589,C
2590,C
2591,A
2592,A
2593,C
2594,C
2595,C
2596,B
2597,A
2598,A
2599,C
2600,C
2601,A
2602,A
2603,B
2604,C
2605,C
2606,B
2607,C
2608,A
2609,C
2610,C
2611,C
2612,C
2613,C
2614,A
2615,A
2616,B
2617,A
2618,C
2619,C
2620,C
2621,B
2622,C
2623,A
2624,A
2625,A
2626,B
2627,C
2628,A
2629,A
2630,A
2631,A
2632,C
2633,C
2634,A
2635,A
2636,A
2637,C
2638,C
2639,C
2640,A
2641,A
2642,C
2643,A
2644,C
2645,C
2646,C
2647,C
2648,C
2649,C
2650,A
2651,C
2652,A
2653,C
2654,C
2655,C
2656,B
2657,A
2658,C
2659,A
2660,C
2661,A
2662,C
2663,B
2664,C
2665,A
2666,C
2667,A
2668,A
2669,C
2670,A
2671,A
2672,A
2673,C
2674,A
2675,B
2676,B
2677,C
2678,C
2679,C
2680,C
2681,C
2682,C
2683,A
2684,C
2685,B
2686,C
2687,B
2688,C
2689,B
2690,C
2691,C
2692,A
2693,C
2694,A
2695,A
2696,B
2697,A
2698,A
2699,C
2700,C
2701,A
2702,C
2703,C
2704,A
2705,A
2706,C
2707,C
2708,A
2709,B
2710,C
2711,B
2712,C
2713,A
2714,A
2715,C
2716,A
2717,C
2718,B
2719,A
2720,C
2721,C
2722,C
2723,B
2724,C
2725,A
2726,A
2727,A
2728,C
2729,B
2730,A
2731,B
2732,A
2733,C
2734,B
2735,A
2736,A
2737,B
2738,C
2739,A
2740,C
2741,A
2742,C
2743,C
2744,C
2745,B
2746,A
2747,C
2748,B
2749,C
2750,A
2751,A
2752,A
2753,C
2754,A
2755,C
2756,A
2757,C
2758,A
2759,B
2760,B
2761,A
2762,C
2763,B
2764,C
2765,B
2766,B
2767,C
2768,A
2769,A
2770,C
2771,C
2772,C
2773,A
2774,A
2775,C
2776,C
2777,C
2778,C
2779,A
2780,C
2781,A
2782,C
2783,A
2784,A
2785,B
2786,B
2787,C
2788,A
2789,C
2790,A
2791,B
2792,B
2793,B
2794,B
2795,B
2796,A
2797,A
2798,A
2799,C
2800,A
2801,C
2802,A
2803,C
2804,A
2805,A
2806,C
2807,A
2808,B
2809,C
2810,A
2811,B
2812,C
2813,C
2814,B
2815,C
2816,A
2817,C
2818,A
2819,C
2820,A
2821,A
2822,B
2823,C
2824,C
2825,C
2826,B
2827,A
2828,B
2829,A
2830,A
2831,B
2832,A
2833,B
2834,B
2835,A
2836,A
2837,A
2838,C
2839,A
2840,C
2841,C
2842,C
2843,C
2844,C
2845,C
2846,C
2847,A
2848,C
2849,A
2850,A
2851,A
2852,B
2853,A
2854,A
2855,C
2856,C
2857,A
2858,C
2859,A
2860,C
2861,C
2862,A
2863,C
2864,A
2865,B
2866,C
2867,C
2868,C
2869,C
2870,A
2871,B
2872,C
2873,A
2874,A
2875,B
2876,A
2877,A
2878,C
2879,A
2880,A
2881,A
2882,C
2883,C
2884,C
2885,A
2886,A
2887,C
2888,C
2889,A
2890,A
2891,C
2892,A
2893,A
2894,C
2895,C
2896,C
2897,A
2898,C
2899,A
2900,C
2901,A
2902,C
2903,A
2904,C
2905,A
2906,A
2907,B
2908,B
2909,C
2910,A
2911,C
2912,A
2913,C
2914,A
2915,C
2916,B
2917,B
2918,A
2919,C
2920,A
2921,A
2922,B
2923,A
2924,B
2925,A
2926,C
2927,A
2928,C
2929,B
2930,C
2931,B
2932,B
2933,B
2934,C
2935,C
2936,B
2937,A
2938,A
2939,B
2940,A
2941,C
2942,B
2943,A
2944,C
2945,B
2946,A
2947,A
2948,C
2949,A
2950,A
2951,A
2952,A
2953,A
2954,C
2955,A
2956,B
2957,C
2958,B
2959,A
2960,A
2961,A
2962,A
2963,C
2964,C
2965,B
2966,C
2967,B
2968,C
2969,C
2970,A
2971,A
2972,A
2973,C
2974,C
2975,A
2976,A
2977,A
2978,A
2979,A
2980,C
2981,A
2982,C
2983,A
2984,C
2985,C
2986,A
2987,C
2988,C
2989,A
2990,C
2991,C
2992,A
2993,B
2994,A
2995,A
2996,A
2997,A
2998,C
2999,A
3000,C
3001,A
3002,C
3003,B
3004,B
3005,A
3006,A
3007,B
3008,C
3009,C
3010,B
3011,C
3012,A
3013,C
3014,A
3015,C
3016,A
3017,C
3018,A
3019,C
3020,C
3021,C
3022,A
3023,C
3024,C
3025,C
3026,C
3027,C
3028,B
3029,A
3030,A
3031,A
3032,A
3033,A
3034,C
3035,C
3036,A
3037,A
3038,B
3039,B
3040,B
3041,A
3042,A
3043,A
3044,B
3045,C
3046,A
3047,C
3048,C
3049,A
3050,B
3051,A
3052,A
3053,C
3054,C
3055,C
3056,B
3057,C
3058,C
3059,A
3060,B
3061,A
3062,A
3063,A
3064,A
3065,C
3066,C
3067,C
3068,A
3069,C
3070,A
3071,B
3072,A
3073,C
3074,A
3075,A
3076,C
3077,A
3078,B
3079,A
3080,C
3081,B
3082,A
3083,C
3084,B
3085,B
3086,A
3087,B
3088,A
3089,C
3090,C
3091,C
3092,A
3093,C
3094,A
3095,C
3096,B
3097,B
3098,A
3099,C
3100,A
3101,C
3102,C
3103,B
3104,C
3105,B
3106,A
3107,A
3108,A
3109,C
3110,A
3111,B
3112,A
3113,C
3114,B
3115,C
3116,A
3117,A
3118,C
3119,A
3120,C
3121,A
3122,C
3123,A
3124,A
3125,C
3126,A
3127,C
3128,A
3129,A
3130,B
3131,C
3132,C
3133,C
3134,A
3135,B
3136,B
3137,A
3138,A
3139,C
3140,A
3141,A
3142,A
3143,A
3144,B
3145,B
3146,C
3147,B
3148,B
3149,C
3150,A
3151,A
3152,A
3153,C
3154,A
3155,C
3156,A
3157,B
3158,B
3159,C
3160,A
3161,C
3162,B
3163,A
3164,A
3165,B
3166,A
3167,C
3168,C
3169,A
3170,C
3171,A
3172,C
3173,C
3174,A
3175,C
3176,A
3177,A
3178,A
3179,A
3180,A
3181,A
3182,C
3183,C
3184,C
3185,C
3186,A
3187,B
3188,B
3189,A
3190,C
3191,A
3192,A
3193,A
3194,C
3195,A
3196,A
3197,C
3198,C
3199,C
3200,C
3201,A
3202,A
3203,B
3204,B
3205,C
3206,A
3207,C
3208,B
3209,A
3210,A
3211,A
3212,C
3213,C
3214,A
3215,A
3216,C
3217,C
3218,C
3219,B
3220,C
3221,A
3222,B
3223,C
3224,C
3225,B
3226,C
3227,A
3228,A
3229,A
3230,B
3231,A
3232,A
3233,B
3234,B
3235,A
3236,B
3237,A
3238,A
3239,A
3240,C
3241,A
3242,C
3243,A
3244,C
3245,B
3246,C
3247,A
3248,B
3249,A
3250,C
3251,B
3252,B
3253,B
3254,C
3255,B
3256,A
3257,C
3258,B
3259,A
3260,C
3261,C
3262,A
3263,A
3264,A
3265,C
3266,C
3267,A
3268,C
3269,A
3270,C
3271,A
3272,C
3273,A
3274,A
3275,A
3276,C
3277,B
3278,C
3279,A
3280,C
3281,A
3282,A
3283,C
3284,A
3285,A
3286,C
3287,A
3288,B
3289,A
3290,C
3291,A
3292,B
3293,A
3294,A
3295,C
3296,A
3297,B
3298,A
3299,A
3300,A
3301,C
3302,A
3303,C
3304,A
3305,C
3306,A
3307,C
3308,A
3309,B
3310,C
3311,A
3312,C
3313,A
3314,A
3315,B
3316,A
3317,B
3318,C
3319,C
3320,A
3321,C
3322,A
3323,B
3324,A
3325,C
3326,C
3327,B
3328,A
3329,A
3330,B
3331,C
3332,C
3333,B
3334,C
3335,B
3336,C
3337,A
3338,A
3339,C
3340,B
3341,C
3342,A
3343,B
3344,C
3345,C
3346,B
3347,B
3348,C
3349,C
3350,A
3351,C
3352,A
3353,A
3354,B
3355,A
3356,A
3357,C
3358,B
3359,C
3360,B
3361,C
3362,C
3363,C
3364,A
3365,A
3366,B
3367,C
3368,C
3369,A
3370,A
3371,C
3372,C
3373,A
3374,C
3375,C
3376,A
3377,A
3378,C
3379,A
3380,C
3381,B
3382,A
3383,A
3384,C
3385,C
3386,C
3387,C
3388,C
3389,A
3390,C
3391,A
3392,A
3393,A
3394,B
3395,B
3396,C
3397,A
3398,C
3399,C
3400,C
3401,A
3402,C
3403,A
3404,C
3405,A
3406,A
3407,C
3408,A
3409,B
3410,A
3411,B
3412,B
3413,A
3414,C
3415,C
3416,A
3417,C
3418,C
3419,A
3420,C
3421,A
3422,A
3423,C
3424,C
3425,B
3426,B
3427,C
3428,C
3429,B
3430,A
3431,C
3432,A
3433,C
3434,A
3435,A
3436,A
3437,A
3438,C
3439,A
3440,B
3441,C
3442,C
3443,C
3444,C
3445,A
3446,A
3447,A
3448,A
3449,C
3450,B
3451,C
3452,C
3453,C
3454,B
3455,C
3456,C
3457,A
3458,C
3459,A
3460,C
3461,C
3462,C
3463,A
3464,C
3465,B
3466,C
3467,A
3468,C
3469,B
3470,A
3471,A
3472,B
3473,B
3474,A
3475,C
3476,C
3477,A
3478,C
3479,B
3480,C
3481,C
3482,A
3483,A
3484,C
3485,A
3486,A
3487,A
3488,A
3489,C
3490,A
3491,C
3492,C
3493,C
3494,C
3495,B
3496,B
3497,C
3498,C
3499,B
3500,C
3501,A
3502,C
3503,A
3504,C
3505,C
3506,A
3507,C
3508,B
3509,C
3510,C
3511,C
3512,A
3513,B
3514,C
3515,A
3516,C
3517,A
3518,B
3519,A
3520,C
3521,B
3522,A
3523,A
3524,B
3525,C
3526,C
3527,A
3528,B
3529,B
3530,C
3531,A
3532,C
3533,C
3534,C
3535,A
3536,A
3537,C
3538,B
3539,A
3540,A
3541,C
3542,B
3543,C
3544,A
3545,C
3546,C
3547,C
3548,C
3549,A
3550,B
3551,B
3552,A
3553,C
3554,A
3555,C
3556,C
3557,C
3558,A
3559,A
3560,A
3561,A
3562,C
3563,C
3564,C
3565,A
3566,A
3567,C
3568,A
3569,C
3570,A
3571,A
3572,A
3573,A
3574,C
3575,B
3576,C
3577,A
3578,C
3579,B
3580,C
3581,C
3582,B
3583,A
3584,C
3585,A
3586,A
3587,A
3588,C
3589,A
3590,A
3591,C
3592,C
3593,A
3594,C
3595,C
3596,B
3597,C
3598,A
3599,C
3600,A
3601,B
3602,A
3603,C
3604,B
3605,C
3606,B
3607,C
3608,A
3609,A
3610,A
3611,C
3612,B
3613,C
3614,A
3615,C
3616,A
3617,B
3618,B
3619,C
3620,C
3621,A
3622,A
3623,A
3624,B
3625,C
3626,C
3627,A
3628,A
3629,A
3630,A
3631,C
3632,C
3633,A
3634,A
3635,C
3636,A
3637,C
3638,A
3639,A
3640,A
3641,C
3642,A
3643,A
3644,A
3645,A
3646,C
3647,B
3648,C
3649,A
3650,C
3651,C
3652,C
3653,B
3654,C
3655,A
3656,C
3657,A
3658,C
3659,C
3660,C
3661,C
3662,C
3663,A
3664,A
3665,C
3666,B
3667,C
3668,C
3669,B
3670,A
3671,C
3672,C
3673,A
3674,C
3675,A
3676,C
3677,B
3678,A
3679,B
3680,C
3681,C
3682,C
3683,A
3684,A
3685,B
3686,A
3687,C
3688,B
3689,C
3690,A
3691,C
3692,A
3693,C
3694,A
3695,C
3696,A
3697,C
3698,B
3699,C
3700,C
3701,C
3702,C
3703,C
3704,A
3705,C
3706,A
3707,A
3708,A
3709,C
3710,B
3711,A
3712,A
3713,C
3714,A
3715,C
3716,B
3717,B
3718,B
3719,C
3720,A
3721,A
3722,C
3723,B
3724,C
3725,A
3726,C
3727,C
3728,C
3729,C
3730,C
3731,C
3732,A
3733,B
3734,B
3735,A
3736,C
3737,C
3738,B
3739,A
3740,C
3741,B
3742,A
3743,A
3744,C
3745,A
3746,B
3747,A
3748,A
3749,C
3750,C
3751,C
3752,A
3753,A
3754,C
3755,A
3756,A
3757,B
3758,A
3759,A
3760,C
3761,A
3762,C
3763,B
3764,C
3765,B
3766,A
3767,A
3768,C
3769,A
3770,A
3771,B
3772,A
3773,C
3774,B
3775,B
3776,C
3777,C
3778,C
3779,C
3780,A
3781,C
3782,C
3783,A
3784,C
3785,C
3786,B
3787,C
3788,A
3789,A
3790,A
3791,C
3792,C
3793,C
3794,A
3795,C
3796,A
3797,A
3798,A
3799,A
3800,C
3801,A
3802,C
3803,A
3804,B
3805,B
3806,C
3807,C
3808,A
3809,C
3810,B
3811,C
3812,B
3813,C
3814,A
3815,A
3816,C
3817,C
3818,B
3819,C
3820,A
3821,A
3822,A
3823,C
3824,A
3825,A
3826,A
3827,B
3828,C
3829,B
3830,B
3831,C
3832,C
3833,A
3834,C
3835,A
3836,A
3837,A
3838,C
3839,A
3840,B
3841,A
3842,C
3843,C
3844,C
3845,A
3846,C
3847,B
3848,B
3849,C
3850,A
3851,C
3852,A
3853,A
3854,C
3855,A
3856,A
3857,A
3858,C
3859,B
3860,C
3861,A
3862,C
3863,A
3864,A
3865,C
3866,A
3867,C
3868,A
3869,C
3870,C
3871,C
3872,A
3873,C
3874,C
3875,C
3876,A
3877,C
3878,A
3879,C
3880,A
3881,A
3882,A
3883,C
3884,C
3885,C
3886,B
3887,A
3888,C
3889,A
3890,C
3891,C
3892,A
3893,C
3894,C
3895,A
3896,A
3897,C
3898,C
3899,C
3900,C
3901,B
3902,A
3903,C
3904,A
3905,A
3906,B
3907,A
3908,B
3909,C
3910,C
3911,C
3912,A
3913,C
3914,C
3915,A
3916,B
3917,B
3918,C
3919,A
3920,A
3921,A
3922,A
3923,C
3924,C
3925,A
3926,C
3927,C
3928,C
3929,C
3930,C
3931,C
3932,A
3933,A
3934,B
3935,C
3936,C
3937,C
3938,C
3939,A
3940,C
3941,C
3942,A
3943,A
3944,A
3945,B
3946,C
3947,A
3948,A
3949,A
3950,A
3951,A
3952,C
3953,C
3954,B
3955,A
3956,C
3957,A
3958,C
3959,C
3960,C
3961,A
3962,C
3963,A
3964,C
3965,A
3966,C
3967,C
3968,B
3969,C
3970,A
3971,C
3972,C
3973,A
3974,B
3975,C
3976,A
3977,C
3978,A
3979,B
3980,C
3981,B
3982,B
3983,C
3984,C
3985,C
3986,A
3987,C
3988,B
3989,A
3990,A
3991,B
3992,C
3993,B
3994,C
3995,C
3996,A
3997,C
3998,A
3999,A
4000,C
4001,A
4002,A
4003,B
4004,A
4005,C
4006,A
4007,A
4008,A
4009,A
4010,C
4011,B
4012,C
4013,B
4014,C
4015,C
4016,C
4017,C
4018,C
4019,B
4020,C
4021,A
4022,C
4023,A
4024,C
4025,C
4026,B
4027,A
4028,B
4029,C
4030,C
4031,A
4032,C
4033,B
4034,A
4035,A
4036,C
4037,C
4038,C
4039,A
4040,C
4041,B
4042,B
4043,A
4044,C
4045,A
4046,A
4047,B
4048,A
4049,C
4050,B
4051,C
4052,C
4053,A
4054,C
4055,A
4056,A
4057,A
4058,C
4059,C
4060,B
4061,C
4062,A
4063,C
4064,B
4065,A
4066,C
4067,C
4068,C
4069,B
4070,C
4071,B
4072,C
4073,A
4074,A
4075,C
4076,A
4077,A
4078,B
4079,A
4080,C
4081,A
4082,C
4083,B
4084,C
4085,B
4086,B
4087,B
4088,C
4089,C
4090,A
4091,A
4092,C
4093,A
4094,B
4095,C
4096,C
4097,C
4098,C
4099,C
4100,C
4101,A
4102,A
4103,C
4104,C
4105,A
4106,A
4107,A
4108,C
4109,C
4110,A
4111,A
4112,C
4113,C
4114,A
4115,C
4116,B
4117,B
4118,A
4119,A
4120,A
4121,C
4122,A
4123,A
4124,A
4125,C
4126,A
4127,A
4128,A
4129,C
4130,B
4131,C
4132,B
4133,C
4134,A
4135,C
4136,A
4137,B
4138,A
4139,B
4140,C
4141,A
4142,B
4143,C
4144,C
4145,B
4146,C
4147,B
4148,C
4149,B
4150,A
4151,C
4152,A
4153,B
4154,A
4155,C
4156,B
4157,A
4158,C
4159,B
4160,A
4161,C
4162,A
4163,C
4164,C
4165,A
4166,A
4167,A
4168,C
4169,B
4170,A
4171,A
4172,C
4173,C
4174,C
4175,C
4176,A
4177,C
4178,B
4179,A
4180,A
4181,A
4182,A
4183,C
4184,A
4185,A
4186,C
4187,C
4188,A
4189,A
4190,A
4191,A
4192,B
4193,A
4194,C
4195,C
4196,C
4197,A
4198,A
4199,A
4200,C
4201,C
4202,C
4203,B
4204,A
4205,C
4206,A
4207,A
4208,B
4209,C
4210,A
4211,C
4212,C
4213,C
4214,A
4215,C
4216,B
4217,C
4218,C
4219,A
4220,C
4221,C
4222,C
4223,A
4224,A
4225,C
4226,C
4227,C
4228,A
4229,C
4230,B
4231,C
4232,C
4233,C
4234,C
4235,A
4236,B
4237,A
4238,C
4239,A
4240,A
4241,A
4242,C
4243,B
4244,A
4245,A
4246,A
4247,A
4248,C
4249,B
4250,A
4251,B
4252,B
4253,C
4254,A
4255,C
4256,A
4257,C
4258,A
4259,C
4260,A
4261,A
4262,C
4263,A
4264,B
4265,C
4266,C
4267,C
4268,C
4269,C
4270,C
4271,A
4272,C
4273,A
4274,C
4275,B
4276,C
4277,C
4278,C
4279,C
4280,A
4281,C
4282,A
4283,C
4284,C
4285,B
4286,B
4287,C
4288,C
4289,A
4290,A
4291,A
4292,A
4293,C
4294,B
4295,A
4296,C
4297,C
4298,B
4299,A
4300,A
4301,C
4302,B
4303,C
4304,A
4305,C
4306,A
4307,C
4308,B
4309,B
4310,C
4311,A
4312,A
4313,A
4314,C
4315,C
4316,C
4317,B
4318,A
4319,A
4320,C
4321,C
4322,C
4323,C
4324,A
4325,B
4326,B
4327,A
4328,C
4329,A
4330,A
4331,C
4332,C
4333,A
4334,C
4335,C
4336,A
4337,C
4338,A
4339,C
4340,A
4341,C
4342,C
4343,C
4344,C
4345,C
4346,A
4347,A
4348,C
4349,B
4350,B
4351,C
4352,C
4353,A
4354,C
4355,C
4356,C
4357,A
4358,B
4359,A
4360,A
4361,C
4362,A
4363,A
4364,C
4365,C
4366,A
4367,A
4368,C
4369,C
4370,A
4371,C
4372,B
4373,C
4374,A
4375,C
4376,C
4377,C
4378,B
4379,A
4380,A
4381,A
4382,C
4383,C
4384,A
4385,C
4386,C
4387,A
4388,A
4389,B
4390,C
4391,A
4392,C
4393,A
4394,A
4395,B
4396,B
4397,C
4398,C
4399,C
4400,C
4401,B
4402,A
4403,A
4404,C
4405,A
4406,C
4407,A
4408,C
4409,A
4410,A
4411,A
4412,C
4413,C
4414,C
4415,C
4416,B
4417,B
4418,A
4419,A
4420,B
4421,B
4422,A
4423,C
4424,C
4425,C
4426,B
4427,C
4428,C
4429,A
4430,C
4431,C
4432,A
4433,A
4434,C
4435,A
4436,B
4437,C
4438,B
4439,B
4440,B
4441,C
4442,A
4443,C
4444,A
4445,C
4446,C
4447,C
4448,C
4449,C
4450,A
4451,C
4452,A
4453,A
4454,A
4455,C
4456,B
4457,C
4458,A
4459,C
4460,A
4461,A
4462,B
4463,B
4464,C
4465,B
4466,C
4467,C
4468,C
4469,A
4470,C
4471,A
4472,A
4473,B
4474,C
4475,C
4476,A
4477,C
4478,A
4479,A
4480,C
4481,C
4482,A
4483,B
4484,A
4485,B
4486,A
4487,B
4488,C
4489,A
4490,C
4491,A
4492,B
4493,C
4494,B
4495,B
4496,C
4497,B
4498,A
4499,C
4500,A
4501,C
4502,C
4503,A
4504,C
4505,C
4506,A
4507,A
4508,C
4509,A
4510,C
4511,A
4512,B
4513,C
4514,B
4515,B
4516,A
4517,C
4518,C
4519,C
4520,A
4521,C
4522,C
4523,C
4524,C
4525,A
4526,B
4527,C
4528,C
4529,C
4530,C
4531,A
4532,A
4533,A
4534,A
4535,C
4536,A
4537,C
4538,A
4539,A
4540,C
4541,C
4542,C
4543,C
4544,A
4545,A
4546,C
4547,C
4548,A
4549,C
4550,C
4551,A
4552,A
4553,A
4554,C
4555,A
4556,C
4557,C
4558,C
4559,C
4560,A
4561,C
4562,C
4563,C
4564,B
4565,C
4566,B
4567,C
4568,A
4569,B
4570,C
4571,A
4572,A
4573,A
4574,C
4575,A
4576,A
4577,C
4578,C
4579,B
4580,A
4581,B
4582,C
4583,C
4584,A
4585,A
4586,C
4587,C
4588,A
4589,A
4590,C
4591,A
4592,A
4593,C
4594,A
4595,A
4596,B
4597,A
4598,C
4599,B
4600,C
4601,C
4602,B
4603,C
4604,B
4605,A
4606,A
4607,C
4608,B
4609,A
4610,A
4611,B
4612,A
4613,C
4614,A
4615,B
4616,A
4617,B
4618,C
4619,C
4620,A
4621,C
4622,A
4623,A
4624,C
4625,B
4626,C
4627,A
4628,C
4629,A
4630,C
4631,A
4632,C
4633,B
4634,C
4635,B
4636,C
4637,B
4638,C
4639,C
4640,B
4641,C
4642,B
4643,C
4644,A
4645,A
4646,B
4647,A
4648,A
4649,C
4650,C
4651,C
4652,C
4653,A
4654,A
4655,A
4656,A
4657,C
4658,C
4659,B
4660,C
4661,C
4662,A
4663,C
4664,B
4665,C
4666,A
4667,A
4668,C
4669,C
4670,A
4671,C
4672,C
4673,A
4674,C
4675,A
4676,A
4677,B
4678,A
4679,A
4680,A
4681,C
4682,A
4683,C
4684,C
4685,C
4686,A
4687,A
4688,A
4689,C
4690,B
4691,A
4692,C
4693,C
4694,C
4695,A
4696,C
4697,B
4698,C
4699,A
4700,C
4701,A
4702,C
4703,A
4704,C
4705,A
4706,C
4707,A
4708,C
4709,A
4710,A
4711,A
4712,C
4713,B
4714,A
4715,B
4716,C
4717,B
4718,C
4719,A
4720,C
4721,B
4722,C
4723,C
4724,C
4725,C
4726,C
4727,A
4728,B
4729,C
4730,C
4731,C
4732,B
4733,C
4734,A
4735,C
4736,C
4737,A
4738,B
4739,C
4740,B
4741,A
4742,A
4743,C
4744,A
4745,C
4746,A
4747,A
4748,C
4749,C
4750,B
4751,C
4752,A
4753,A
4754,A
4755,C
4756,A
4757,C
4758,A
4759,C
4760,A
4761,C
4762,A
4763,A
4764,A
4765,C
4766,C
4767,C
4768,C
4769,C
4770,C
4771,A
4772,B
4773,A
4774,A
4775,A
4776,C
4777,B
4778,A
4779,A
4780,A
4781,A
4782,A
4783,C
4784,A
4785,A
4786,A
4787,A
4788,B
4789,A
4790,B
4791,C
4792,B
4793,A
4794,C
4795,A
4796,C
4797,C
4798,A
4799,C
4800,A
4801,C
4802,A
4803,C
4804,C
4805,A
4806,C
4807,C
4808,A
4809,B
4810,B
4811,C
4812,A
4813,C
4814,C
4815,A
4816,A
4817,C
4818,C
4819,B
4820,C
4821,A
4822,C
4823,C
4824,A
4825,A
4826,A
4827,A
4828,C
4829,A
4830,A
4831,C
4832,C
4833,C
4834,A
4835,C
4836,C
4837,A
4838,B
4839,A
4840,A
4841,C
4842,C
4843,C
4844,B
4845,C
4846,A
4847,C
4848,C
4849,A
4850,A
4851,C
4852,A
4853,C
4854,A
4855,C
4856,A
4857,A
4858,A
4859,C
4860,A
4861,B
4862,C
4863,B
4864,C
4865,A
4866,A
4867,C
4868,A
4869,C
4870,A
4871,A
4872,B
4873,C
4874,B
4875,B
4876,C
4877,A
4878,C
4879,B
4880,A
4881,C
4882,A
4883,A
4884,A
4885,A
4886,A
4887,C
4888,A
4889,C
4890,A
4891,C
4892,B
4893,C
4894,A
4895,C
4896,A
4897,C
4898,B
4899,A
4900,A
4901,C
4902,A
4903,C
4904,A
4905,C
4906,A
4907,C
4908,B
4909,C
4910,B
4911,C
4912,C
4913,C
4914,A
4915,B
4916,C
4917,A
4918,C
4919,C
4920,C
4921,A
4922,C
4923,A
4924,C
4925,A
4926,C
4927,B
4928,C
4929,A
4930,A
4931,A
4932,C
4933,C
4934,C
4935,B
4936,C
4937,A
4938,C
4939,C
4940,C
4941,A
4942,A
4943,C
4944,A
4945,A
4946,C
4947,A
4948,A
4949,A
4950,A
4951,B
4952,A
4953,A
4954,A
4955,A
4956,B
4957,A
4958,C
4959,A
4960,A
4961,A
4962,B
4963,A
4964,A
4965,A
4966,B
4967,C
4968,A
4969,C
4970,B
4971,C
4972,A
4973,B
4974,A
4975,C
4976,A
4977,B
4978,C
4979,C
4980,A
4981,C
4982,C
4983,C
4984,A
4985,C
4986,C
4987,A
4988,A
4989,C
4990,C
4991,A
4992,A
4993,C
4994,A
4995,C
4996,B
4997,A
4998,C
4999,C
5000,B
5001,B
5002,C
5003,A
5004,A
5005,C
5006,A
5007,A
5008,C
5009,C
5010,C
5011,A
5012,C
5013,A
5014,C
5015,A
5016,B
5017,A
5018,A
5019,A
5020,B
5021,B
5022,C
5023,C
5024,C
5025,A
5026,A
5027,C
5028,A
5029,C
5030,B
5031,A
5032,C
5033,C
5034,C
5035,C
5036,A
5037,C
5038,A
5039,C
5040,C
5041,C
5042,C
5043,A
5044,C
5045,A
5046,C
5047,B
5048,B
5049,C
5050,A
5051,C
5052,C
5053,C
5054,B
5055,A
5056,C
5057,C
5058,A
5059,B
5060,A
5061,A
5062,A
5063,A
5064,C
5065,B
5066,C
5067,A
5068,C
5069,C
5070,C
5071,C
5072,A
5073,B
5074,C
5075,B
5076,C
5077,B
5078,A
5079,C
5080,A
5081,C
5082,A
5083,C
5084,A
5085,C
5086,C
5087,B
5088,A
5089,A
5090,C
5091,A
5092,C
5093,A
5094,C
5095,C
5096,B
5097,B
5098,C
5099,A
5100,C
5101,A
5102,A
5103,A
5104,C
5105,C
5106,A
5107,A
5108,A
5109,A
5110,A
5111,C
5112,C
5113,C
5114,A
5115,C
5116,B
5117,C
5118,B
5119,A
5120,A
5121,A
5122,A
5123,A
5124,A
5125,A
5126,C
5127,B
5128,B
5129,C
5130,A
5131,A
5132,A
5133,C
5134,C
5135,C
5136,C
5137,C
5138,A
5139,C
5140,C
5141,A
5142,A
5143,A
5144,C
5145,A
5146,C
5147,C
5148,A
5149,C
5150,A
5151,A
5152,C
5153,A
5154,A
5155,C
5156,A
5157,C
5158,B
5159,B
5160,C
5161,C
5162,A
5163,C
5164,C
5165,A
5166,C
5167,B
5168,C
5169,C
5170,A
5171,C
5172,A
5173,A
5174,A
5175,A
5176,A
5177,A
5178,A
5179,C
5180,C
5181,A
5182,B
5183,C
5184,C
5185,A
5186,C
5187,A
5188,A
5189,B
5190,A
5191,A
5192,C
5193,C
5194,C
5195,C
5196,C
5197,A
5198,B
5199,A
5200,C
5201,B
5202,C
5203,A
5204,C
5205,C
5206,A
5207,A
5208,B
5209,A
5210,A
5211,C
5212,A
5213,C
5214,A
5215,A
5216,C
5217,C
5218,C
5219,C
5220,C
5221,C
5222,C
5223,A
5224,C
5225,C
5226,A
5227,A
5228,A
5229,C
5230,C
5231,C
5232,A
5233,C
5234,C
5235,C
5236,B
5237,C
5238,B
5239,C
5240,A
5241,A
5242,C
5243,B
5244,B
5245,A
5246,C
5247,A
5248,C
5249,C
5250,A
5251,A
5252,A
5253,A
5254,C
5255,B
5256,A
5257,A
5258,A
5259,C
5260,B
5261,C
5262,B
5263,C
5264,C
5265,B
5266,C
5267,C
5268,A
5269,C
5270,A
5271,A
5272,B
5273,C
5274,A
5275,C
5276,A
5277,C
5278,B
5279,C
5280,C
5281,A
5282,C
5283,A
5284,C
5285,B
5286,A
5287,C
5288,A
5289,C
5290,A
5291,A
5292,C
5293,A
5294,A
5295,B
5296,C
5297,C
5298,A
5299,A
5300,A
5301,A
5302,C
5303,B
5304,C
5305,C
5306,B
5307,C
5308,B
5309,C
5310,B
5311,C
5312,A
5313,A
5314,A
5315,C
5316,A
5317,C
5318,C
5319,A
5320,C
5321,C
5322,A
5323,C
5324,C
5325,C
5326,C
5327,A
5328,A
5329,C
5330,C
5331,C
5332,A
5333,C
5334,A
5335,C
5336,B
5337,C
5338,B
5339,C
5340,A
5341,C
5342,C
5343,A
5344,C
5345,B
5346,C
5347,A
5348,B
5349,A
5350,A
5351,A
5352,C
5353,C
5354,A
5355,A
5356,C
5357,A
5358,A
5359,A
5360,B
5361,A
5362,A
5363,A
5364,C
5365,A
5366,C
5367,B
5368,C
5369,B
5370,A
5371,B
5372,B
5373,A
5374,C
5375,B
5376,B
5377,C
5378,C
5379,C
5380,B
5381,B
5382,C
5383,C
5384,A
5385,C
5386,C
5387,C
5388,C
5389,C
5390,C
5391,B
5392,C
5393,A
5394,B
5395,A
5396,C
5397,C
5398,C
5399,A
5400,A
5401,A
5402,A
5403,A
5404,C
5405,A
5406,A
5407,C
5408,B
5409,B
5410,C
5411,B
5412,C
5413,B
5414,A
5415,C
5416,C
5417,B
5418,C
5419,C
5420,C
5421,A
5422,C
5423,C
5424,A
5425,C
5426,A
5427,B
5428,B
5429,B
5430,A
5431,A
5432,A
5433,A
5434,A
5435,B
5436,A
5437,C
5438,B
5439,B
5440,C
5441,C
5442,A
5443,A
5444,A
5445,A
5446,C
5447,C
5448,A
5449,B
5450,C
5451,C
5452,A
5453,C
5454,A
5455,C
5456,B
5457,A
5458,C
5459,C
5460,C
5461,C
5462,C
5463,C
5464,C
5465,A
5466,C
5467,A
5468,C
5469,A
5470,C
5471,B
5472,C
5473,A
5474,C
5475,A
5476,A
5477,A
5478,A
5479,C
5480,C
5481,A
5482,A
5483,A
5484,A
5485,C
5486,A
5487,C
5488,C
5489,C
5490,A
5491,A
5492,A
5493,C
5494,C
5495,A
5496,C
5497,B
5498,A
5499,B
5500,A
5501,A
5502,A
5503,A
5504,A
5505,B
5506,C
5507,A
5508,B
5509,A
5510,C
5511,A
5512,C
5513,A
5514,B
5515,B
5516,B
5517,B
5518,C
5519,A
5520,A
5521,A
5522,C
5523,B
5524,B
5525,A
5526,C
5527,A
5528,A
5529,A
5530,A
5531,A
5532,A
5533,C
5534,B
5535,C
5536,C
5537,C
5538,A
5539,A
5540,C
5541,A
5542,C
5543,C
5544,A
5545,C
5546,A
5547,A
5548,A
5549,A
5550,A
5551,C
5552,A
5553,C
5554,B
5555,C
5556,B
5557,C
5558,A
5559,C
5560,C
5561,A
5562,C
5563,A
5564,C
5565,C
5566,C
5567,C
5568,A
5569,C
5570,A
5571,C
5572,A
5573,C
5574,C
5575,C
5576,B
5577,C
5578,A
5579,C
5580,B
5581,B
5582,B
5583,C
5584,A
5585,A
5586,B
5587,A
5588,B
5589,B
5590,A
5591,A
5592,C
5593,A
5594,A
5595,C
5596,A
5597,C
5598,C
5599,C
5600,B
5601,A
5602,B
5603,A
5604,C
5605,C
5606,B
5607,C
5608,A
5609,A
5610,A
5611,B
5612,A
5613,A
5614,C
5615,C
5616,B
5617,C
5618,A
5619,C
5620,C
5621,C
5622,C
5623,C
5624,C
5625,B
5626,C
5627,B
5628,C
5629,C
5630,A
5631,C
5632,A
5633,C
5634,B
5635,A
5636,C
5637,C
5638,C
5639,A
5640,A
5641,C
5642,C
5643,A
5644,A
5645,A
5646,C
5647,C
5648,A
5649,B
5650,A
5651,A
5652,C
5653,B
5654,A
5655,A
5656,B
5657,C
5658,A
5659,C
5660,A
5661,C
5662,A
5663,C
5664,C
5665,C
5666,C
5667,B
5668,B
5669,A
5670,C
5671,A
5672,C
5673,A
5674,C
5675,C
5676,A
5677,C
5678,A
5679,B
5680,A
5681,C
5682,B
5683,C
5684,C
5685,A
5686,C
5687,A
5688,B
5689,A
5690,A
5691,A
5692,B
5693,A
5694,C
5695,A
5696,C
5697,C
5698,A
5699,A
5700,B
5701,C
5702,B
5703,B
5704,C
5705,A
5706,C
5707,C
5708,A
5709,A
5710,A
5711,C
5712,C
5713,C
5714,A
5715,C
5716,C
5717,A
5718,A
5719,C
5720,A
5721,C
5722,C
5723,B
5724,C
5725,B
5726,A
5727,C
5728,A
5729,A
5730,A
5731,A
5732,C
5733,C
5734,A
5735,A
5736,C
5737,B
5738,A
5739,A
5740,A
5741,C
5742,B
5743,A
5744,C
5745,B
5746,C
5747,C
5748,B
5749,B
5750,A
5751,B
5752,C
5753,A
5754,A
5755,A
5756,A
5757,C
5758,A
5759,C
5760,B
5761,C
5762,A
5763,C
5764,B
5765,B
5766,C
5767,B
5768,C
5769,C
5770,B
5771,A
5772,C
5773,A
5774,A
5775,B
5776,C
5777,B
5778,C
5779,A
5780,B
5781,C
5782,A
5783,C
5784,A
5785,C
5786,C
5787,C
5788,C
5789,C
5790,A
5791,A
5792,A
5793,C
5794,B
5795,C
5796,B
5797,C
5798,C
5799,C
5800,C
5801,A
5802,C
5803,A
5804,B
5805,C
5806,A
5807,A
5808,C
5809,A
5810,C
5811,B
5812,C
5813,A
5814,C
5815,A
5816,C
5817,A
5818,A
5819,A
5820,C
5821,A
5822,C
5823,C
5824,B
5825,B
5826,C
5827,A
5828,A
5829,C
5830,A
5831,A
5832,A
5833,C
5834,B
5835,C
5836,A
5837,C
5838,A
5839,C
5840,B
5841,C
5842,A
5843,C
5844,A
5845,C
5846,C
5847,B
5848,C
5849,C
5850,C
5851,A
5852,B
5853,A
5854,A
5855,B
5856,A
5857,A
5858,C
5859,A
5860,A
5861,A
5862,A
5863,A
5864,A
5865,C
5866,C
5867,A
5868,A
5869,A
5870,A
5871,A
5872,B
5873,B
5874,A
5875,C
5876,C
5877,A
5878,C
5879,A
5880,B
5881,A
5882,C
5883,B
5884,A
5885,C
5886,A
5887,A
5888,A
5889,B
5890,C
5891,B
5892,C
5893,A
5894,C
5895,C
5896,A
5897,C
5898,A
5899,A
5900,A
5901,C
5902,C
5903,A
5904,A
5905,A
5906,C
5907,C
5908,A
5909,C
5910,C
5911,A
5912,C
5913,A
5914,B
5915,C
5916,A
5917,C
5918,B
5919,C
5920,C
5921,C
5922,A
5923,B
5924,C
5925,A
5926,A
5927,C
5928,C
5929,B
5930,A
5931,C
5932,A
5933,C
5934,A
5935,C
5936,A
5937,B
5938,C
5939,A
5940,C
5941,B
5942,A
5943,C
5944,C
5945,B
5946,C
5947,B
5948,C
5949,A
5950,C
5951,C
5952,C
5953,C
5954,A
5955,C
5956,C
5957,C
5958,C
5959,A
5960,A
5961,A
5962,B
5963,A
5964,A
5965,C
5966,C
5967,C
5968,B
5969,B
5970,A
5971,C
5972,A
5973,C
5974,B
5975,C
5976,B
5977,A
5978,A
5979,B
5980,B
5981,A
5982,B
5983,A
5984,A
5985,A
5986,A
5987,C
5988,A
5989,C
5990,B
5991,A
5992,A
5993,A
5994,A
5995,B
5996,C
5997,C
5998,A
5999,A
6000,A
6001,B
6002,C
6003,B
6004,A
6005,C
6006,C
6007,A
6008,C
6009,C
6010,A
6011,C
6012,A
6013,A
6014,B
6015,A
6016,A
6017,C
6018,A
6019,A
6020,B
6021,C
6022,A
6023,A
6024,C
6025,A
6026,C
6027,B
6028,C
6029,C
6030,A
6031,A
6032,C
6033,C
6034,A
6035,C
6036,C
6037,C
6038,B
6039,B
6040,A
6041,C
6042,A
6043,A
6044,A
6045,A
6046,A
6047,A
6048,A
6049,C
6050,C
6051,A
6052,C
6053,B
6054,A
6055,C
6056,C
6057,C
6058,B
6059,A
6060,C
6061,A
6062,A
6063,C
6064,A
6065,B
6066,C
6067,C
6068,C
6069,C
6070,A
6071,A
6072,B
6073,C
6074,C
6075,A
6076,A
6077,C
6078,A
6079,A
6080,B
6081,A
6082,C
6083,B
6084,A
6085,C
6086,C
6087,A
6088,A
6089,C
6090,C
6091,C
6092,A
6093,C
6094,C
6095,B
6096,C
6097,C
6098,A
6099,B
6100,B
6101,A
6102,C
6103,A
6104,C
6105,C
6106,C
6107,A
6108,A
6109,B
6110,B
6111,A
6112,C
6113,A
6114,C
6115,B
6116,C
6117,A
6118,A
6119,C
6120,C
6121,A
6122,C
6123,A
6124,A
6125,C
6126,C
6127,A
6128,A
6129,A
6130,C
6131,A
6132,C
6133,B
6134,A
6135,B
6136,B
6137,A
6138,A
6139,A
6140,A
6141,A
6142,A
6143,A
6144,C
6145,A
6146,C
6147,A
6148,A
6149,B
6150,A
6151,C
6152,A
6153,C
6154,A
6155,C
6156,A
6157,C
6158,B
6159,C
6160,A
6161,A
6162,A
6163,A
6164,A
6165,A
6166,C
6167,B
6168,C
6169,A
6170,C
6171,C
6172,A
6173,C
6174,A
6175,A
6176,B
6177,B
6178,B
6179,C
6180,C
6181,A
6182,A
6183,C
6184,C
6185,B
6186,C
6187,A
6188,C
6189,A
6190,A
6191,C
6192,C
6193,A
6194,A
6195,C
6196,A
6197,C
6198,C
6199,C
6200,C
6201,A
6202,C
6203,A
6204,C
6205,A
6206,C
6207,C
6208,B
6209,C
6210,A
6211,B
6212,C
6213,C
6214,C
6215,C
6216,A
6217,A
6218,C
6219,A
6220,C
6221,C
6222,A
6223,B
6224,C
6225,C
6226,C
6227,A
6228,A
6229,A
6230,B
6231,A
6232,B
6233,A
6234,A
6235,A
6236,C
6237,B
6238,C
6239,B
6240,C
6241,A
6242,C
6243,A
6244,C
6245,B
6246,C
6247,C
6248,C
6249,C
6250,A
6251,A
6252,A
6253,A
6254,A
6255,B
6256,C
6257,C
6258,A
6259,C
6260,C
6261,B
6262,C
6263,A
6264,C
6265,A
6266,C
6267,A
6268,B
6269,C
6270,C
6271,A
6272,C
6273,C
6274,C
6275,A
6276,C
6277,C
6278,C
6279,A
6280,C
6281,A
6282,C
6283,A
6284,C
6285,A
6286,C
6287,A
6288,C
6289,C
6290,A
6291,C
6292,B
6293,C
6294,A
6295,C
6296,B
6297,C
6298,C
6299,A
6300,C
6301,A
6302,B
6303,A
6304,A
6305,B
6306,C
6307,A
6308,A
6309,B
6310,B
6311,B
6312,A
6313,C
6314,C
6315,A
6316,A
6317,B
6318,A
6319,C
6320,C
6321,A
6322,A
6323,B
6324,A
6325,C
6326,A
6327,C
6328,C
6329,A
6330,C
6331,B
6332,A
6333,A
6334,B
6335,C
6336,A
6337,C
6338,A
6339,A
6340,C
6341,A
6342,C
6343,A
6344,A
6345,C
6346,A
6347,C
6348,B
6349,B
6350,C
6351,C
6352,C
6353,A
6354,C
6355,C
6356,A
6357,A
6358,A
6359,B
6360,C
6361,B
6362,C
6363,A
6364,A
6365,A
6366,A
6367,C
6368,A
6369,C
6370,B
6371,B
6372,A
6373,C
6374,B
6375,C
6376,C
6377,C
6378,A
6379,A
6380,A
6381,C
6382,A
6383,A
6384,A
6385,A
6386,A
6387,A
6388,C
6389,A
6390,A
6391,A
6392,A
6393,C
6394,A
6395,A
6396,A
6397,C
6398,A
6399,A
6400,A
6401,A
6402,C
6403,A
6404,C
6405,A
6406,A
6407,A
6408,C
6409,B
6410,A
6411,C
6412,C
6413,C
6414,C
6415,B
6416,B
6417,A
6418,C
6419,A
6420,C
6421,A
6422,A
6423,C
6424,A
6425,A
6426,C
6427,B
6428,C
6429,A
6430,A
6431,A
6432,A
6433,C
6434,A
6435,C
6436,A
6437,C
6438,C
6439,C
6440,B
6441,A
6442,A
6443,A
6444,A
6445,C
6446,A
6447,C
6448,A
6449,C
6450,A
6451,B
6452,A
6453,A
6454,C
6455,A
6456,C
6457,B
6458,C
6459,B
6460,A
6461,C
6462,B
6463,C
6464,A
6465,C
6466,A
6467,A
6468,A
6469,C
6470,C
6471,A
6472,A
6473,A
6474,C
6475,A
6476,B
6477,C
6478,C
6479,C
6480,C
6481,C
6482,C
6483,C
6484,B
6485,A
6486,A
6487,C
6488,A
6489,C
6490,B
6491,A
6492,B
6493,A
6494,A
6495,C
6496,B
6497,C
6498,C
6499,C
6500,C
6501,A
6502,C
6503,A
6504,C
6505,A
6506,B
6507,C
6508,C
6509,C
6510,C
6511,A
6512,C
6513,C
6514,C
6515,A
6516,C
6517,C
6518,C
6519,C
6520,C
6521,A
6522,A
6523,B
6524,C
6525,B
6526,C
6527,C
6528,C
6529,C
6530,C
6531,A
6532,A
6533,C
6534,A
6535,C
6536,B
6537,C
6538,C
6539,C
6540,C
6541,A
6542,C
6543,A
6544,A
6545,C
6546,A
6547,A
6548,A
6549,C
6550,B
6551,A
6552,A
6553,A
6554,A
6555,A
6556,C
6557,A
6558,C
6559,C
6560,A
6561,B
6562,C
6563,C
6564,C
6565,A
6566,A
6567,B
6568,C
6569,A
6570,A
6571,A
6572,C
6573,A
6574,A
6575,B
6576,A
6577,A
6578,C
6579,A
6580,C
6581,A
6582,A
6583,A
6584,C
6585,C
6586,A
6587,A
6588,A
6589,C
6590,A
6591,B
6592,C
6593,C
6594,A
6595,A
6596,A
6597,C
6598,C
6599,C
6600,B
6601,C
6602,A
6603,B
6604,B
6605,A
6606,A
6607,C
6608,A
6609,C
6610,C
6611,B
6612,C
6613,C
6614,C
6615,C
6616,A
6617,A
6618,B
6619,C
6620,A
6621,A
6622,C
6623,C
6624,A
6625,A
6626,C
6627,A
6628,C
6629,C
6630,C
6631,A
6632,B
6633,B
6634,A
6635,C
6636,C
6637,B
6638,B
6639,B
6640,C
6641,A
6642,C
6643,A
6644,C
6645,A
6646,C
6647,C
6648,C
6649,A
6650,A
6651,B
6652,B
6653,C
6654,A
6655,A
6656,A
6657,B
6658,A
6659,C
6660,C
6661,A
6662,B
6663,C
6664,C
6665,C
6666,A
6667,C
6668,A
6669,B
6670,C
6671,C
6672,A
6673,C
6674,A
6675,C
6676,A
6677,C
6678,B
6679,C
6680,B
6681,C
6682,C
6683,A
6684,A
6685,A
6686,A
6687,C
6688,A
6689,C
6690,A
6691,A
6692,C
6693,C
6694,A
6695,C
6696,C
6697,A
6698,A
6699,C
6700,A
6701,C
6702,B
6703,C
6704,B
6705,C
6706,A
6707,C
6708,C
6709,C
6710,C
6711,C
6712,A
6713,A
6714,A
6715,C
6716,B
6717,C
6718,B
6719,C
6720,B
6721,C
6722,C
6723,A
6724,B
6725,C
6726,A
6727,C
6728,C
6729,C
6730,C
6731,C
6732,A
6733,C
6734,A
6735,A
6736,A
6737,A
6738,B
6739,C
6740,C
6741,C
6742,A
6743,A
6744,B
6745,C
6746,A
6747,A
6748,A
6749,B
6750,C
6751,C
6752,A
6753,B
6754,A
6755,C
6756,C
6757,A
6758,A
6759,C
6760,B
6761,A
6762,B
6763,C
6764,B
6765,C
6766,A
6767,A
6768,C
6769,A
6770,B
6771,A
6772,A
6773,A
6774,B
6775,A
6776,C
6777,A
6778,C
6779,C
6780,A
6781,A
6782,A
6783,C
6784,A
6785,A
6786,A
6787,B
6788,A
6789,C
6790,A
6791,B
6792,C
6793,C
6794,B
6795,A
6796,C
6797,A
6798,C
6799,A
6800,B
6801,A
6802,C
6803,B
6804,B
6805,A
6806,C
6807,B
6808,A
6809,A
6810,B
6811,C
6812,A
6813,C
6814,B
6815,A
6816,A
6817,C
6818,A
6819,A
6820,B
6821,C
6822,C
6823,C
6824,A
6825,B
6826,B
6827,C
6828,C
6829,C
6830,A
6831,A
6832,A
6833,C
6834,C
6835,B
6836,A
6837,C
6838,C
6839,B
6840,C
6841,A
6842,A
6843,A
6844,C
6845,A
6846,A
6847,C
6848,B
6849,C
6850,C
6851,B
6852,C
6853,C
6854,B
6855,C
6856,A
6857,A
6858,A
6859,C
6860,C
6861,A
6862,C
6863,C
6864,C
6865,C
6866,B
6867,A
6868,C
6869,C
6870,C
6871,C
6872,A
6873,A
6874,A
6875,A
6876,C
6877,C
6878,C
6879,C
6880,C
6881,B
6882,A
6883,C
6884,C
6885,A
6886,C
6887,A
6888,C
6889,C
6890,C
6891,C
6892,C
6893,C
6894,A
6895,C
6896,C
6897,A
6898,A
6899,A
6900,C
6901,C
6902,B
6903,C
6904,A
6905,C
6906,B
6907,C
6908,B
6909,A
6910,A
6911,A
6912,B
6913,A
6914,B
6915,A
6916,B
6917,C
6918,A
6919,C
6920,C
6921,C
6922,A
6923,C
6924,A
6925,A
6926,C
6927,A
6928,C
6929,A
6930,C
6931,A
6932,C
6933,C
6934,A
6935,C
6936,C
6937,A
6938,A
6939,C
6940,A
6941,B
6942,A
6943,B
6944,A
6945,C
6946,C
6947,C
6948,A
6949,A
6950,C
6951,A
6952,B
6953,A
6954,C
6955,C
6956,A
6957,C
6958,B
6959,B
6960,C
6961,B
6962,C
6963,A
6964,B
6965,B
6966,A
6967,B
6968,A
6969,A
6970,C
6971,A
6972,B
6973,A
6974,C
6975,B
6976,C
6977,C
6978,C
6979,C
6980,C
6981,A
6982,A
6983,A
6984,A
6985,A
6986,A
6987,C
6988,B
6989,B
6990,C
6991,A
6992,B
6993,A
6994,A
6995,A
6996,A
6997,C
6998,A
6999,C
7000,C
7001,A
7002,C
7003,C
7004,A
7005,B
7006,C
7007,A
7008,A
7009,A
7010,C
7011,C
7012,C
7013,A
7014,A
7015,A
7016,A
7017,B
7018,A
7019,C
7020,A
7021,C
7022,C
7023,C
7024,C
7025,B
7026,A
7027,B
7028,C
7029,A
7030,A
7031,A
7032,B
7033,A
7034,B
7035,A
7036,C
7037,C
7038,A
7039,C
7040,B
7041,C
7042,C
7043,C
7044,C
7045,C
7046,A
7047,C
7048,C
7049,A
7050,C
7051,C
7052,C
7053,C
7054,A
7055,C
7056,A
7057,C
7058,A
7059,B
7060,C
7061,B
7062,C
7063,A
7064,C
7065,A
7066,B
7067,B
7068,B
7069,A
7070,B
7071,A
7072,A
7073,C
7074,A
7075,B
7076,A
7077,A
7078,B
7079,A
7080,C
7081,A
7082,C
7083,C
7084,C
7085,C
7086,A
7087,A
7088,A
7089,A
7090,C
7091,C
7092,C
7093,C
7094,A
7095,C
7096,A
7097,A
7098,C
7099,C
7100,C
7101,C
7102,C
7103,A
7104,C
7105,B
7106,C
7107,A
7108,B
7109,C
7110,C
7111,A
7112,C
7113,A
7114,C
7115,A
7116,C
7117,A
7118,C
7119,B
7120,C
7121,B
7122,A
7123,A
7124,C
7125,A
7126,C
7127,C
7128,A
7129,B
7130,B
7131,C
7132,A
7133,C
7134,A
7135,C
7136,A
7137,A
7138,C
7139,A
7140,C
7141,B
7142,A
7143,A
7144,A
7145,A
7146,C
7147,C
7148,B
7149,A
7150,C
7151,C
7152,C
7153,B
7154,A
7155,B
7156,C
7157,A
7158,C
7159,C
7160,C
7161,C
7162,A
7163,A
7164,C
7165,A
7166,C
7167,B
7168,C
7169,C
7170,A
7171,A
7172,C
7173,B
7174,C
7175,C
7176,C
7177,C
7178,A
7179,A
7180,C
7181,A
7182,A
7183,C
7184,A
7185,A
7186,C
7187,A
7188,C
7189,B
7190,A
7191,B
7192,C
7193,A
7194,A
7195,A
7196,C
7197,A
7198,C
7199,B
7200,C
7201,A
7202,C
7203,B
7204,C
7205,A
7206,A
7207,C
7208,C
7209,C
7210,A
7211,A
7212,C
7213,C
7214,C
7215,A
7216,A
7217,A
7218,C
7219,B
7220,C
7221,C
7222,B
7223,C
7224,A
7225,A
7226,A
7227,C
7228,C
7229,C
7230,A
7231,A
7232,C
7233,A
7234,C
7235,C
7236,B
7237,C
7238,C
7239,A
7240,C
7241,A
7242,C
7243,A
7244,A
7245,B
7246,A
7247,C
7248,A
7249,A
7250,C
7251,B
7252,C
7253,A
7254,B
7255,B
7256,A
7257,B
7258,A
7259,C
7260,C
7261,B
7262,C
7263,A
7264,C
7265,C
7266,A
7267,C
7268,A
7269,B
7270,C
7271,A
7272,A
7273,C
7274,A
7275,C
7276,A
7277,C
7278,C
7279,C
7280,C
7281,A
7282,C
7283,C
7284,B
7285,B
7286,C
7287,A
7288,C
7289,A
7290,C
7291,C
7292,A
7293,C
7294,C
7295,A
7296,C
7297,B
7298,B
7299,C
7300,B
7301,C
7302,C
7303,C
7304,C
7305,A
7306,C
7307,B
7308,C
7309,C
7310,A
7311,A
7312,B
7313,C
7314,C
7315,A
7316,A
7317,A
7318,A
7319,C
7320,C
7321,A
7322,C
7323,A
7324,C
7325,C
7326,B
7327,C
7328,C
7329,C
7330,C
7331,C
7332,C
7333,C
7334,A
7335,C
7336,A
7337,C
7338,B
7339,C
7340,A
7341,C
7342,A
7343,C
7344,A
7345,C
7346,C
7347,C
7348,A
7349,B
7350,C
7351,C
7352,C
7353,C
7354,B
7355,B
7356,B
7357,C
7358,A
7359,C
7360,A
7361,C
7362,A
7363,C
7364,C
7365,C
7366,A
7367,B
7368,A
7369,C
7370,A
7371,C
7372,C
7373,C
7374,C
7375,C
7376,A
7377,C
7378,A
7379,C
7380,C
7381,B
7382,A
7383,A
7384,A
7385,C
7386,C
7387,A
7388,C
7389,A
7390,B
7391,A
7392,C
7393,A
7394,C
7395,A
7396,A
7397,A
7398,A
7399,B
7400,A
7401,C
7402,C
7403,A
7404,C
7405,C
7406,B
7407,B
7408,A
7409,C
7410,A
7411,C
7412,C
7413,C
7414,B
7415,A
7416,B
7417,C
7418,C
7419,C
7420,B
7421,C
7422,B
7423,A
7424,B
7425,B
7426,C
7427,C
7428,A
7429,A
7430,A
7431,C
7432,C
7433,B
7434,B
7435,C
7436,C
7437,B
7438,C
7439,C
7440,C
7441,A
7442,A
7443,B
7444,B
7445,B
7446,C
7447,B
7448,C
7449,C
7450,C
7451,A
7452,A
7453,A
7454,C
7455,C
7456,A
7457,C
7458,A
7459,A
7460,A
7461,A
7462,C
7463,A
7464,B
7465,C
7466,C
7467,C
7468,A
7469,A
7470,C
7471,A
7472,A
7473,A
7474,C
7475,B
7476,B
7477,B
7478,A
7479,A
7480,B
7481,C
7482,A
7483,B
7484,C
7485,C
7486,C
7487,A
7488,A
7489,A
7490,A
7491,C
7492,A
7493,A
7494,C
7495,C
7496,C
7497,A
7498,C
7499,A
7500,B
7501,C
7502,A
7503,A
7504,B
7505,A
7506,A
7507,C
7508,A
7509,A
7510,B
7511,A
7512,C
7513,A
7514,C
7515,A
7516,B
7517,B
7518,B
7519,B
7520,A
7521,C
7522,B
7523,A
7524,A
7525,A
7526,A
7527,C
7528,B
7529,C
7530,B
7531,B
7532,C
7533,C
7534,C
7535,A
7536,C
7537,A
7538,C
7539,B
7540,B
7541,C
7542,C
7543,B
7544,B
7545,C
7546,A
7547,C
7548,A
7549,C
7550,C
7551,A
7552,C
7553,A
7554,C
7555,A
7556,C
7557,B
7558,A
7559,C
7560,C
7561,A
7562,A
7563,A
7564,C
7565,C
7566,A
7567,A
7568,C
7569,B
7570,B
7571,C
7572,A
7573,A
7574,A
7575,A
7576,A
7577,A
7578,A
7579,A
7580,C
7581,A
7582,C
7583,A
7584,C
7585,C
7586,B
7587,A
7588,A
7589,B
7590,A
7591,B
7592,B
7593,B
7594,A
7595,C
7596,B
7597,C
7598,B
7599,A
7600,A
7601,C
7602,B
7603,B
7604,C
7605,A
7606,C
7607,B
7608,C
7609,C
7610,C
7611,C
7612,C
7613,A
7614,A
7615,A
7616,A
7617,A
7618,A
7619,C
7620,B
7621,A
7622,A
7623,C
7624,A
7625,A
7626,C
7627,B
7628,A
7629,C
7630,C
7631,B
7632,C
7633,A
7634,C
7635,A
7636,A
7637,C
7638,A
7639,B
7640,C
7641,B
7642,B
7643,B
7644,B
7645,C
7646,C
7647,A
7648,C
7649,C
7650,A
7651,C
7652,C
7653,B
7654,A
7655,A
7656,C
7657,A
7658,A
7659,B
7660,C
7661,C
7662,B
7663,A
7664,C
7665,B
7666,A
7667,A
7668,C
7669,C
7670,A
7671,C
7672,A
7673,C
7674,A
7675,C
7676,A
7677,C
7678,B
7679,C
7680,C
7681,A
7682,C
7683,C
7684,A
7685,C
7686,C
7687,C
7688,B
7689,C
7690,A
7691,C
7692,B
7693,A
7694,B
7695,A
7696,A
7697,A
7698,A
7699,C
7700,C
7701,B
7702,C
7703,C
7704,C
7705,B
7706,C
7707,A
7708,A
7709,B
7710,C
7711,B
7712,A
7713,A
7714,A
7715,A
7716,C
7717,B
7718,A
7719,A
7720,C
7721,A
7722,B
7723,A
7724,C
7725,A
7726,B
7727,C
7728,C
7729,A
7730,A
7731,C
7732,C
7733,A
7734,C
7735,A
7736,C
7737,A
7738,A
7739,C
7740,B
7741,C
7742,A
7743,C
7744,A
7745,B
7746,A
7747,C
7748,A
7749,B
7750,C
7751,C
7752,B
7753,B
7754,A
7755,C
7756,A
7757,C
7758,C
7759,C
7760,A
7761,C
7762,C
7763,B
7764,C
7765,C
7766,C
7767,A
7768,B
7769,C
7770,C
7771,B
7772,C
7773,B
7774,A
7775,C
7776,C
7777,C
7778,A
7779,C
7780,C
7781,C
7782,C
7783,A
7784,C
7785,B
7786,B
7787,C
7788,A
7789,C
7790,A
7791,C
7792,C
7793,C
7794,C
7795,C
7796,A
7797,C
7798,B
7799,C
7800,A
7801,C
7802,B
7803,A
7804,A
7805,C
7806,A
7807,C
7808,B
7809,A
7810,A
7811,A
7812,B
7813,C
7814,C
7815,A
7816,C
7817,A
7818,C
7819,C
7820,C
7821,A
7822,C
7823,C
7824,B
7825,C
7826,A
7827,C
7828,C
7829,B
7830,A
7831,A
7832,A
7833,C
7834,C
7835,A
7836,C
7837,A
7838,A
7839,A
7840,C
7841,A
7842,B
7843,C
7844,A
7845,A
7846,A
7847,C
7848,A
7849,C
7850,B
7851,A
7852,C
7853,C
7854,A
7855,B
7856,C
7857,C
7858,A
7859,A
7860,A
7861,A
7862,C
7863,A
7864,C
7865,C
7866,B
7867,A
7868,A
7869,A
7870,C
7871,A
7872,C
7873,C
7874,A
7875,A
7876,B
7877,A
7878,C
7879,C
7880,A
7881,C
7882,A
7883,C
7884,A
7885,A
7886,A
7887,B
7888,A
7889,A
7890,B
7891,A
7892,A
7893,C
7894,A
7895,C
7896,A
7897,C
7898,A
7899,C
7900,C
7901,A
7902,C
7903,A
7904,C
7905,A
7906,C
7907,B
7908,C
7909,A
7910,C
7911,A
7912,A
7913,A
7914,C
7915,A
7916,A
7917,C
7918,C
7919,B
7920,A
7921,A
7922,C
7923,B
7924,B
7925,B
7926,C
7927,A
7928,C
7929,A
7930,C
7931,B
7932,A
7933,A
7934,A
7935,C
7936,A
7937,C
7938,A
7939,A
7940,A
7941,A
7942,A
7943,C
7944,A
7945,C
7946,B
7947,C
7948,A
7949,B
7950,A
7951,C
7952,C
7953,A
7954,C
7955,B
7956,A
7957,A
7958,C
7959,A
7960,C
7961,B
7962,C
7963,A
7964,B
7965,B
7966,B
7967,A
7968,A
7969,C
7970,C
7971,A
7972,C
7973,C
7974,C
7975,C
7976,A
7977,C
7978,A
7979,B
7980,C
7981,C
7982,A
7983,A
7984,B
7985,A
7986,C
7987,A
7988,A
7989,B
7990,A
7991,A
7992,C
7993,A
7994,C
7995,C
7996,C
7997,C
7998,C
7999,A
8000,C
8001,A
8002,B
8003,B
8004,A
8005,A
8006,C
8007,C
8008,A
8009,B
8010,A
8011,C
8012,C
8013,A
8014,B
8015,A
8016,C
8017,B
8018,C
8019,C
8020,C
8021,C
8022,C
8023,C
8024,B
8025,C
8026,C
8027,B
8028,B
8029,A
8030,C
8031,A
8032,A
8033,A
8034,A
8035,B
8036,A
8037,A
8038,B
8039,A
8040,C
8041,A
8042,C
8043,C
8044,C
8045,C
8046,A
8047,C
8048,A
8049,C
8050,B
8051,B
8052,C
8053,A
8054,C
8055,B
8056,B
8057,C
8058,A
8059,C
8060,C
8061,A
8062,C
8063,A
8064,A
8065,A
8066,A
8067,C
8068,A
8069,A
8070,C
8071,C
8072,C
8073,C
8074,C
8075,A
8076,C
8077,A
8078,A
8079,A
8080,A
8081,B
8082,A
8083,A
8084,C
8085,A
8086,B
8087,C
8088,B
8089,A
8090,B
8091,C
8092,A
8093,C
8094,C
8095,C
8096,B
8097,C
8098,C
8099,B
8100,A
8101,C
8102,C
8103,A
8104,C
8105,A
8106,A
8107,C
8108,C
8109,C
8110,C
8111,A
8112,A
8113,A
8114,C
8115,A
8116,C
8117,C
8118,C
8119,C
8120,C
8121,A
8122,C
8123,C
8124,C
8125,B
8126,C
8127,B
8128,A
8129,C
8130,C
8131,A
8132,A
8133,A
8134,A
8135,A
8136,C
8137,C
8138,A
8139,C
8140,A
8141,C
8142,B
8143,C
8144,C
8145,C
8146,B
8147,A
8148,B
8149,A
8150,A
8151,A
8152,A
8153,A
8154,B
8155,C
8156,A
8157,C
8158,B
8159,C
8160,C
8161,A
8162,C
8163,A
8164,A
8165,B
8166,C
8167,A
8168,B
8169,A
8170,C
8171,C
8172,A
8173,C
8174,C
8175,A
8176,A
8177,B
8178,C
8179,A
8180,C
8181,C
8182,B
8183,C
8184,C
8185,B
8186,C
8187,A
8188,C
8189,A
8190,C
8191,B
8192,A
8193,A
8194,C
8195,A
8196,C
8197,C
8198,C
8199,C
8200,C
8201,A
8202,A
8203,C
8204,C
8205,A
8206,C
8207,A
8208,C
8209,A
8210,C
8211,C
8212,A
8213,A
8214,A
8215,A
8216,A
8217,B
8218,A
8219,C
8220,B
8221,C
8222,C
8223,B
8224,A
8225,A
8226,A
8227,C
8228,A
8229,C
8230,A
8231,B
8232,A
8233,A
8234,C
8235,A
8236,B
8237,C
8238,C
8239,A
8240,C
8241,A
8242,C
8243,A
8244,C
8245,B
8246,C
8247,A
8248,C
8249,A
8250,C
8251,B
8252,A
8253,A
8254,C
8255,A
8256,C
8257,B
8258,B
8259,B
8260,A
8261,C
8262,B
8263,C
8264,A
8265,B
8266,A
8267,B
8268,A
8269,A
8270,B
8271,C
8272,B
8273,A
8274,A
8275,C
8276,A
8277,C
8278,A
8279,C
8280,A
8281,B
8282,A
8283,A
8284,B
8285,A
8286,C
8287,C
8288,A
8289,C
8290,A
8291,B
8292,C
8293,A
8294,A
8295,A
8296,A
8297,A
8298,A
8299,A
8300,C
8301,C
8302,C
8303,C
8304,B
8305,B
8306,A
8307,C
8308,A
8309,C
8310,A
8311,A
8312,A
8313,C
8314,A
8315,A
8316,C
8317,B
8318,A
8319,C
8320,A
8321,A
8322,A
8323,A
8324,C
8325,C
8326,C
8327,C
8328,A
8329,C
8330,A
8331,C
8332,B
8333,C
8334,B
8335,C
8336,B
8337,C
8338,C
8339,C
8340,A
8341,C
8342,A
8343,A
8344,B
8345,A
8346,A
8347,C
8348,A
8349,C
8350,A
8351,C
8352,C
8353,B
8354,C
8355,A
8356,C
8357,C
8358,C
8359,A
8360,A
8361,B
8362,A
8363,B
8364,A
8365,C
8366,C
8367,C
8368,A
8369,C
8370,A
8371,C
8372,A
8373,C
8374,A
8375,A
8376,C
8377,C
8378,A
8379,C
8380,C
8381,A
8382,C
8383,C
8384,A
8385,C
8386,C
8387,C
8388,C
8389,A
8390,A
8391,B
8392,C
8393,A
8394,A
8395,A
8396,A
8397,A
8398,C
8399,A
8400,A
8401,C
8402,A
8403,C
8404,B
8405,A
8406,C
8407,B
8408,B
8409,A
8410,C
8411,B
8412,C
8413,A
8414,B
8415,C
8416,A
8417,C
8418,A
8419,C
8420,A
8421,C
8422,C
8423,A
8424,C
8425,A
8426,A
8427,B
8428,C
8429,C
8430,A
8431,C
8432,A
8433,A
8434,C
8435,C
8436,C
8437,A
8438,C
8439,B
8440,B
8441,B
8442,C
8443,A
8444,C
8445,B
8446,C
8447,B
8448,C
8449,A
8450,A
8451,C
8452,C
8453,C
8454,A
8455,C
8456,B
8457,A
8458,B
8459,A
8460,A
8461,C
8462,A
8463,A
8464,A
8465,C
8466,A
8467,C
8468,C
8469,B
8470,A
8471,C
8472,A
8473,C
8474,A
8475,C
8476,C
8477,B
8478,C
8479,B
8480,C
8481,B
8482,C
8483,B
8484,C
8485,B
8486,B
8487,A
8488,B
8489,A
8490,A
8491,A
8492,A
8493,C
8494,C
8495,B
8496,C
8497,C
8498,C
8499,A
8500,C
8501,A
8502,C
8503,A
8504,A
8505,B
8506,C
8507,C
8508,C
8509,C
8510,C
8511,A
8512,C
8513,A
8514,C
8515,A
8516,C
8517,C
8518,A
8519,B
8520,C
8521,B
8522,C
8523,C
8524,C
8525,B
8526,C
8527,A
8528,C
8529,A
8530,A
8531,A
8532,C
8533,A
8534,B
8535,C
8536,A
8537,A
8538,C
8539,B
8540,B
8541,C
8542,C
8543,A
8544,A
8545,C
8546,C
8547,C
8548,C
8549,C
8550,B
8551,A
8552,A
8553,C
8554,A
8555,C
8556,A
8557,C
8558,C
8559,C
8560,A
8561,C
8562,A
8563,C
8564,B
8565,C
8566,C
8567,C
8568,A
8569,C
8570,A
8571,A
8572,B
8573,C
8574,C
8575,C
8576,A
8577,C
8578,C
8579,A
8580,C
8581,A
8582,A
8583,B
8584,C
8585,C
8586,B
8587,A
8588,C
8589,A
8590,C
8591,A
8592,C
8593,A
8594,A
8595,B
8596,A
8597,C
8598,C
8599,C
8600,A
8601,C
8602,A
8603,C
8604,A
8605,C
8606,A
8607,A
8608,C
8609,C
8610,A
8611,C
8612,A
8613,A
8614,A
8615,C
8616,A
8617,C
8618,C
8619,C
8620,A
8621,C
8622,C
8623,B
8624,B
8625,C
8626,B
8627,C
8628,A
8629,C
8630,A
8631,C
8632,A
8633,C
8634,A
8635,A
8636,B
8637,A
8638,A
8639,C
8640,A
8641,C
8642,A
8643,C
8644,A
8645,C
8646,C
8647,B
8648,B
8649,A
8650,A
8651,C
8652,A
8653,C
8654,B
8655,C
8656,C
8657,C
8658,A
8659,A
8660,C
8661,A
8662,C
8663,A
8664,C
8665,B
8666,C
8667,A
8668,C
8669,A
8670,C
8671,A
8672,A
8673,B
8674,C
8675,A
8676,A
8677,C
8678,B
8679,A
8680,A
8681,C
8682,C
8683,A
8684,A
8685,A
8686,A
8687,C
8688,C
8689,C
8690,C
8691,C
8692,C
8693,A
8694,C
8695,A
8696,C
8697,B
8698,B
8699,B
8700,C
8701,C
8702,C
8703,C
8704,C
8705,A
8706,A
8707,A
8708,C
8709,B
8710,C
8711,C
8712,A
8713,C
8714,A
8715,A
8716,A
8717,C
8718,C
8719,C
8720,C
8721,C
8722,C
8723,A
8724,A
8725,A
8726,C
8727,A
8728,C
8729,A
8730,C
8731,A
8732,C
8733,C
8734,C
8735,C
8736,B
8737,A
8738,A
8739,A
8740,C
8741,A
8742,C
8743,A
8744,C
8745,C
8746,A
8747,C
8748,C
8749,A
8750,B
8751,C
8752,A
8753,A
8754,B
8755,A
8756,A
8757,A
8758,C
8759,C
8760,A
8761,A
8762,A
8763,C
8764,A
8765,C
8766,A
8767,A
8768,A
8769,A
8770,A
8771,B
8772,C
8773,B
8774,C
8775,A
8776,C
8777,C
8778,C
8779,A
8780,B
8781,A
8782,C
8783,C
8784,C
8785,C
8786,A
8787,B
8788,A
8789,A
8790,B
8791,A
8792,A
8793,C
8794,A
8795,C
8796,C
8797,A
8798,A
8799,A
8800,C
8801,C
8802,C
8803,C
8804,A
8805,B
8806,C
8807,A
8808,A
8809,A
8810,C
8811,C
8812,C
8813,A
8814,C
8815,A
8816,C
8817,C
8818,C
8819,A
8820,C
8821,A
8822,B
8823,A
8824,A
8825,A
8826,C
8827,C
8828,A
8829,A
8830,B
8831,A
8832,C
8833,C
8834,A
8835,B
8836,B
8837,A
8838,A
8839,A
8840,C
8841,B
8842,C
8843,A
8844,C
8845,A
8846,A
8847,C
8848,C
8849,C
8850,A
8851,B
8852,B
8853,C
8854,A
8855,A
8856,C
8857,A
8858,C
8859,C
8860,A
8861,A
8862,A
8863,A
8864,C
8865,A
8866,C
8867,A
8868,C
8869,A
8870,B
8871,A
8872,A
8873,A
8874,A
8875,A
8876,A
8877,B
8878,A
8879,A
8880,C
8881,A
8882,A
8883,C
8884,A
8885,C
8886,C
8887,A
8888,A
8889,A
8890,B
8891,B
8892,C
8893,B
8894,B
8895,C
8896,A
8897,C
8898,A
8899,A
8900,B
8901,B
8902,C
8903,C
8904,B
8905,A
8906,A
8907,C
8908,C
8909,C
8910,B
8911,A
8912,A
8913,C
8914,A
8915,C
8916,C
8917,C
8918,B
8919,A
8920,A
8921,A
8922,A
8923,B
8924,C
8925,A
8926,A
8927,A
8928,C
8929,A
8930,A
8931,A
8932,A
8933,B
8934,A
8935,B
8936,C
8937,A
8938,C
8939,C
8940,A
8941,A
8942,C
8943,A
8944,C
8945,C
8946,A
8947,A
8948,C
8949,A
8950,C
8951,C
8952,C
8953,A
8954,A
8955,C
8956,A
8957,C
8958,C
8959,C
8960,A
8961,A
8962,C
8963,A
8964,C
8965,A
8966,A
8967,A
8968,A
8969,A
8970,A
8971,C
8972,A
8973,C
8974,C
8975,C
8976,A
8977,C
8978,A
8979,C
8980,B
8981,C
8982,A
8983,C
8984,C
8985,B
8986,B
8987,A
8988,C
8989,C
8990,C
8991,C
8992,A
8993,C
8994,C
8995,B
8996,C
8997,B
8998,A
8999,C
9000,A
9001,A
9002,C
9003,B
9004,C
9005,A
9006,A
9007,A
9008,B
9009,C
9010,B
9011,A
9012,A
9013,C
9014,A
9015,C
9016,C
9017,A
9018,B
9019,B
9020,C
9021,A
9022,C
9023,A
9024,C
9025,A
9026,C
9027,A
9028,A
9029,C
9030,A
9031,A
9032,B
9033,C
9034,B
9035,B
9036,C
9037,A
9038,C
9039,A
9040,C
9041,C
9042,B
9043,C
9044,A
9045,C
9046,A
9047,C
9048,A
9049,C
9050,C
9051,C
9052,B
9053,C
9054,C
9055,C
9056,C
9057,C
9058,A
9059,B
9060,A
9061,C
9062,C
9063,A
9064,C
9065,A
9066,B
9067,A
9068,B
9069,C
9070,B
9071,C
9072,A
9073,C
9074,A
9075,C
9076,C
9077,A
9078,A
9079,C
9080,A
9081,C
9082,A
9083,B
9084,A
9085,A
9086,B
9087,C
9088,A
9089,A
9090,A
9091,A
9092,A
9093,A
9094,A
9095,A
9096,C
9097,A
9098,C
9099,A
9100,C
9101,C
9102,A
9103,C
9104,C
9105,B
9106,A
9107,C
9108,C
9109,A
9110,C
9111,B
9112,C
9113,B
9114,C
9115,B
9116,C
9117,B
9118,C
9119,C
9120,C
9121,C
9122,C
9123,A
9124,A
9125,B
9126,B
9127,C
9128,A
9129,A
9130,C
9131,B
9132,B
9133,C
9134,C
9135,C
9136,C
9137,C
9138,C
9139,C
9140,A
9141,B
9142,B
9143,B
9144,A
9145,A
9146,C
9147,B
9148,A
9149,A
9150,C
9151,C
9152,A
9153,A
9154,C
9155,A
9156,B
9157,A
9158,C
9159,B
9160,C
9161,B
9162,C
9163,B
9164,C
9165,C
9166,B
9167,B
9168,C
9169,B
9170,C
9171,C
9172,C
9173,B
9174,A
9175,B
9176,B
9177,A
9178,C
9179,C
9180,C
9181,A
9182,C
9183,B
9184,C
9185,A
9186,C
9187,C
9188,C
9189,A
9190,B
9191,A
9192,C
9193,C
9194,B
9195,B
9196,A
9197,A
9198,A
9199,B
9200,C
9201,C
9202,C
9203,A
9204,C
9205,C
9206,B
9207,A
9208,A
9209,C
9210,C
9211,B
9212,C
9213,C
9214,C
9215,A
9216,A
9217,C
9218,B
9219,C
9220,A
9221,B
9222,A
9223,C
9224,A
9225,C
9226,B
9227,C
9228,A
9229,C
9230,A
9231,C
9232,C
9233,A
9234,C
9235,B
9236,C
9237,A
9238,A
9239,A
9240,B
9241,C
9242,B
9243,C
9244,C
9245,C
9246,A
9247,C
9248,B
9249,A
9250,B
9251,A
9252,C
9253,A
9254,C
9255,C
9256,B
9257,C
9258,A
9259,A
9260,B
9261,B
9262,A
9263,C
9264,A
9265,B
9266,A
9267,C
9268,C
9269,C
9270,C
9271,A
9272,C
9273,A
9274,C
9275,C
9276,A
9277,A
9278,C
9279,A
9280,C
9281,C
9282,C
9283,A
9284,A
9285,A
9286,A
9287,C
9288,A
9289,A
9290,A
9291,B
9292,C
9293,C
9294,C
9295,C
9296,A
9297,A
9298,B
9299,C
9300,B
9301,C
9302,C
9303,C
9304,C
9305,A
9306,A
9307,A
9308,A
9309,B
9310,A
9311,A
9312,C
9313,A
9314,C
9315,A
9316,B
9317,C
9318,A
9319,C
9320,A
9321,C
9322,C
9323,C
9324,A
9325,A
9326,A
9327,C
9328,A
9329,C
9330,C
9331,C
9332,A
9333,C
9334,A
9335,A
9336,C
9337,A
9338,C
9339,A
9340,A
9341,A
9342,A
9343,C
9344,C
9345,C
9346,A
9347,A
9348,A
9349,A
9350,C
9351,C
9352,A
9353,C
9354,C
9355,A
9356,A
9357,A
9358,B
9359,C
9360,C
9361,A
9362,A
9363,A
9364,A
9365,A
9366,B
9367,C
9368,A
9369,C
9370,C
9371,C
9372,C
9373,A
9374,A
9375,C
9376,B
9377,A
9378,A
9379,C
9380,A
9381,C
9382,B
9383,C
9384,B
9385,C
9386,C
9387,A
9388,C
9389,A
9390,B
9391,A
9392,A
9393,B
9394,A
9395,A
9396,C
9397,A
9398,A
9399,B
9400,A
9401,C
9402,C
9403,A
9404,A
9405,C
9406,A
9407,A
9408,A
9409,C
9410,A
9411,B
9412,C
9413,B
9414,C
9415,A
9416,A
9417,A
9418,C
9419,C
9420,C
9421,C
9422,A
9423,A
9424,A
9425,A
9426,C
9427,A
9428,A
9429,B
9430,B
9431,C
9432,A
9433,C
9434,A
9435,A
9436,B
9437,C
9438,B
9439,C
9440,A
9441,C
9442,B
9443,A
9444,C
9445,C
9446,C
9447,B
9448,B
9449,A
9450,A
9451,A
9452,C
9453,B
9454,C
9455,C
9456,B
9457,C
9458,B
9459,A
9460,C
9461,C
9462,A
9463,A
9464,B
9465,B
9466,A
9467,C
9468,A
9469,A
9470,C
9471,C
9472,A
9473,C
9474,C
9475,A
9476,C
9477,C
9478,A
9479,A
9480,B
9481,C
9482,C
9483,A
9484,C
9485,C
9486,A
9487,C
9488,A
9489,A
9490,A
9491,C
9492,A
9493,A
9494,C
9495,B
9496,C
9497,C
9498,C
9499,A
9500,C
9501,A
9502,C
9503,A
9504,A
9505,C
9506,C
9507,C
9508,C
9509,C
9510,C
9511,A
9512,C
9513,A
9514,A
9515,A
9516,C
9517,C
9518,A
9519,C
9520,C
9521,A
9522,A
9523,C
9524,A
9525,C
9526,C
9527,C
9528,A
9529,B
9530,C
9531,A
9532,C
9533,A
9534,A
9535,A
9536,A
9537,C
9538,A
9539,C
9540,A
9541,C
9542,C
9543,C
9544,B
9545,A
9546,B
9547,C
9548,A
9549,A
9550,A
9551,C
9552,A
9553,C
9554,A
9555,A
9556,C
9557,C
9558,A
9559,B
9560,A
9561,B
9562,C
9563,C
9564,A
9565,C
9566,A
9567,C
9568,B
9569,C
9570,A
9571,C
9572,A
9573,B
9574,B
9575,C
9576,B
9577,C
9578,A
9579,C
9580,A
9581,C
9582,A
9583,C
9584,A
9585,A
9586,B
9587,C
9588,B
9589,B
9590,C
9591,B
9592,B
9593,C
9594,A
9595,C
9596,A
9597,C
9598,C
9599,C
9600,C
9601,A
9602,C
9603,A
9604,C
9605,C
9606,C
9607,C
9608,A
9609,B
9610,A
9611,B
9612,A
9613,B
9614,A
9615,A
9616,C
9617,C
9618,B
9619,A
9620,A
9621,C
9622,C
9623,C
9624,C
9625,A
9626,C
9627,C
9628,A
9629,B
9630,A
9631,C
9632,C
9633,A
9634,A
9635,B
9636,C
9637,C
9638,C
9639,C
9640,A
9641,B
9642,B
9643,C
9644,B
9645,C
9646,A
9647,A
9648,A
9649,B
9650,A
9651,A
9652,B
9653,C
9654,A
9655,C
9656,B
9657,C
9658,C
9659,C
9660,A
9661,A
9662,C
9663,A
9664,B
9665,A
9666,C
9667,B
9668,B
9669,B
9670,A
9671,B
9672,B
9673,C
9674,B
9675,A
9676,A
9677,C
9678,B
9679,C
9680,C
9681,C
9682,C
9683,B
9684,A
9685,B
9686,B
9687,B
9688,C
9689,A
9690,A
9691,C
9692,C
9693,A
9694,A
9695,B
9696,C
9697,A
9698,C
9699,A
9700,B
9701,C
9702,B
9703,B
9704,C
9705,A
9706,C
9707,C
9708,C
9709,C
9710,A
9711,C
9712,C
9713,B
9714,C
9715,C
9716,C
9717,A
9718,C
9719,A
9720,A
9721,C
9722,B
9723,C
9724,B
9725,C
9726,B
9727,A
9728,A
9729,B
9730,C
9731,A
9732,A
9733,B
9734,C
9735,C
9736,A
9737,B
9738,C
9739,B
9740,B
9741,A
9742,C
9743,A
9744,C
9745,A
9746,C
9747,A
9748,C
9749,A
9750,B
9751,C
9752,B
9753,C
9754,A
9755,A
9756,A
9757,B
9758,C
9759,C
9760,B
9761,A
9762,B
9763,C
9764,A
9765,C
9766,C
9767,C
9768,C
9769,C
9770,C
9771,C
9772,A
9773,C
9774,C
9775,C
9776,A
9777,B
9778,B
9779,C
9780,A
9781,B
9782,C
9783,B
9784,C
9785,A
9786,C
9787,A
9788,C
9789,A
9790,C
9791,C
9792,A
9793,A
9794,A
9795,C
9796,B
9797,C
9798,A
9799,A
9800,B
9801,A
9802,A
9803,C
9804,C
9805,C
9806,C
9807,A
9808,A
9809,C
9810,A
9811,C
9812,A
9813,B
9814,A
9815,A
9816,C
9817,B
9818,C
9819,A
9820,C
9821,B
9822,B
9823,B
9824,C
9825,A
9826,C
9827,C
9828,C
9829,C
9830,A
9831,C
9832,A
9833,A
9834,C
9835,C
9836,A
9837,A
9838,A
9839,C
9840,C
9841,A
9842,C
9843,A
9844,A
9845,B
9846,C
9847,C
9848,A
9849,A
9850,A
9851,A
9852,B
9853,C
9854,A
9855,C
9856,B
9857,C
9858,A
9859,C
9860,C
9861,C
9862,A
9863,C
9864,B
9865,C
9866,A
9867,C
9868,C
9869,A
9870,C
9871,A
9872,A
9873,B
9874,A
9875,C
9876,C
9877,B
9878,A
9879,A
9880,C
9881,A
9882,C
9883,A
9884,C
9885,A
9886,A
9887,B
9888,C
9889,C
9890,C
9891,A
9892,A
9893,C
9894,B
9895,B
9896,A
9897,C
9898,B
9899,C
9900,B
9901,C
9902,C
9903,A
9904,A
9905,C
9906,B
9907,C
9908,A
9909,C
9910,A
9911,C
9912,A
9913,C
9914,A
9915,C
9916,A
9917,C
9918,B
9919,C
9920,A
9921,A
9922,A
9923,C
9924,B
9925,A
9926,A
9927,C
9928,B
9929,A
9930,B
9931,B
9932,C
9933,A
9934,C
9935,A
9936,A
9937,A
9938,A
9939,C
9940,C
9941,A
9942,A
9943,C
9944,C
9945,C
9946,B
9947,C
9948,A
9949,C
9950,C
9951,A
9952,A
9953,C
9954,B
9955,B
9956,B
9957,B
9958,B
9959,C
9960,B
9961,C
9962,A
9963,C
9964,A
9965,C
9966,C
9967,A
9968,C
9969,B
9970,C
9971,C
9972,A
9973,C
9974,C
9975,C
9976,B
9977,A
9978,A
9979,A
9980,A
9981,C
9982,A
9983,A
9984,A
9985,A
9986,C
9987,B
9988,C
9989,C
9990,A
9991,B
9992,B
9993,C
9994,C
9995,C
9996,C
9997,A
9998,C
9999,C
10000,C
10001,C
10002,C
10003,C
10004,B
10005,C
10006,C
10007,C
10008,A
10009,C
10010,A
10011,C
10012,B
10013,C
10014,C
10015,C
10016,C
10017,C
10018,A
10019,A
10020,C
10021,C
10022,C
10023,B
10024,C
10025,B
10026,A
10027,C
10028,C
10029,B
10030,A
10031,C
10032,C
10033,A
10034,A
10035,C
10036,B
10037,C
10038,A
10039,C
10040,A
10041,C
10042,A
10043,C
10044,C
10045,C
10046,A
10047,B
10048,B
10049,B
10050,C
10051,C
10052,C
10053,A
10054,B
10055,C
10056,A
10057,A
10058,A
10059,A
10060,A
10061,C
10062,B
10063,A
10064,A
10065,C
10066,B
10067,A
10068,A
10069,C
10070,C
10071,A
10072,C
10073,A
10074,C
10075,A
10076,A
10077,A
10078,C
10079,A
10080,C
10081,A
10082,C
10083,A
10084,C
10085,C
10086,C
10087,A
10088,A
10089,A
10090,A
10091,C
10092,C
10093,C
10094,B
10095,C
10096,B
10097,A
10098,C
10099,A
10100,C
10101,A
10102,C
10103,A
10104,A
10105,B
10106,C
10107,A
10108,A
10109,C
10110,C
10111,A
10112,A
10113,C
10114,A
10115,A
10116,A
10117,A
10118,A
10119,B
10120,A
10121,A
10122,C
10123,A
10124,B
10125,C
10126,A
10127,B
10128,A
10129,B
10130,C
10131,C
10132,B
10133,A
10134,C
10135,C
10136,C
10137,A
10138,A
10139,C
10140,C
10141,C
10142,C
10143,A
10144,B
10145,C
10146,A
10147,C
10148,B
10149,A
10150,A
10151,C
10152,B
10153,B
10154,A
10155,C
10156,C
10157,A
10158,C
10159,B
10160,C
10161,B
10162,B
10163,B
10164,B
10165,C
10166,A
10167,A
10168,A
10169,B
10170,C
10171,C
10172,C
10173,C
10174,B
10175,B
10176,A
10177,C
10178,C
10179,A
10180,C
10181,A
10182,C
10183,C
10184,C
10185,A
10186,B
10187,B
10188,A
10189,C
10190,A
10191,C
10192,A
10193,A
10194,A
10195,B
10196,A
10197,B
10198,C
10199,A
10200,B
10201,C
10202,B
10203,C
10204,A
10205,B
10206,B
10207,A
10208,B
10209,A
10210,C
10211,C
10212,A
10213,C
10214,B
10215,A
10216,A
10217,A
10218,B
10219,C
10220,B
10221,C
10222,A
10223,B
10224,A
10225,C
10226,A
10227,A
10228,A
10229,C
10230,A
10231,A
10232,B
10233,B
10234,C
10235,A
10236,C
10237,A
10238,C
10239,A
10240,A
10241,A
10242,C
10243,A
10244,C
10245,A
10246,C
10247,C
10248,C
10249,A
10250,C
10251,A
10252,C
10253,C
10254,B
10255,C
10256,C
10257,C
10258,A
10259,B
10260,C
10261,C
10262,C
10263,C
10264,C
10265,A
10266,C
10267,A
10268,C
10269,A
10270,A
10271,C
10272,A
10273,C
10274,C
10275,C
10276,B
10277,A
10278,B
10279,A
10280,A
10281,C
10282,A
10283,C
10284,A
10285,C
10286,C
10287,B
10288,A
10289,A
10290,A
10291,A
10292,B
10293,A
10294,A
10295,C
10296,A
10297,C
10298,A
10299,A
10300,B
10301,A
10302,B
10303,A
10304,B
10305,B
10306,C
10307,B
10308,B
10309,A
10310,A
10311,C
10312,A
10313,C
10314,C
10315,C
10316,C
10317,A
10318,C
10319,A
10320,C
10321,A
10322,C
10323,B
10324,B
10325,B
10326,C
10327,A
10328,B
10329,A
10330,C
10331,B
10332,C
10333,C
10334,A
10335,C
10336,A
10337,B
10338,C
10339,C
10340,A
10341,C
10342,C
10343,A
10344,C
10345,B
10346,C
10347,C
10348,C
10349,A
10350,C
10351,C
10352,A
10353,A
10354,C
10355,A
10356,A
10357,C
10358,A
10359,A
10360,A
10361,C
10362,A
10363,C
10364,C
10365,A
10366,B
10367,C
10368,C
10369,C
10370,C
10371,A
10372,C
10373,A
10374,C
10375,A
10376,C
10377,A
10378,A
10379,A
10380,C
10381,A
10382,C
10383,B
10384,C
10385,A
10386,C
10387,A
10388,A
10389,A
10390,C
10391,C
10392,A
10393,A
10394,A
10395,C
10396,C
10397,C
10398,A
10399,C
10400,A
10401,B
10402,A
10403,A
10404,A
10405,C
10406,A
10407,A
10408,A
10409,C
10410,A
10411,C
10412,A
10413,B
10414,C
10415,C
10416,C
10417,C
10418,A
10419,C
10420,A
10421,A
10422,C
10423,A
10424,C
10425,A
10426,C
10427,C
10428,A
10429,A
10430,A
10431,A
10432,C
10433,A
10434,C
10435,A
10436,C
10437,C
10438,C
10439,A
10440,B
10441,A
10442,C
10443,A
10444,C
10445,C
10446,B
10447,B
10448,A
10449,A
10450,A
10451,A
10452,C
10453,B
10454,C
10455,A
10456,C
10457,C
10458,A
10459,A
10460,A
10461,B
10462,C
10463,C
10464,A
10465,C
10466,A
10467,A
10468,C
10469,C
10470,C
10471,A
10472,C
10473,A
10474,A
10475,A
10476,C
10477,A
10478,C
10479,C
10480,A
10481,A
10482,A
10483,A
10484,B
10485,A
10486,C
10487,C
10488,A
10489,C
10490,B
10491,C
10492,B
10493,A
10494,C
10495,C
10496,A
10497,B
10498,C
10499,B
10500,C
10501,C
10502,B
10503,A
10504,C
10505,C
10506,C
10507,A
10508,C
10509,A
10510,C
10511,A
10512,C
10513,C
10514,A
10515,A
10516,A
10517,B
10518,C
10519,A
10520,C
10521,C
10522,C
10523,A
10524,C
10525,A
10526,C
10527,A
10528,A
10529,C
10530,A
10531,C
10532,A
10533,C
10534,A
10535,B
10536,A
10537,A
10538,C
10539,B
10540,C
10541,A
10542,C
10543,C
10544,A
10545,C
10546,B
10547,B
10548,A
10549,A
10550,C
10551,B
10552,C
10553,C
10554,C
10555,B
10556,C
10557,C
10558,A
10559,C
10560,C
10561,A
10562,C
10563,C
10564,A
10565,A
10566,B
10567,C
10568,C
10569,C
10570,C
10571,C
10572,A
10573,B
10574,C
10575,C
10576,C
10577,C
10578,A
10579,C
10580,C
10581,C
10582,A
10583,A
10584,A
10585,C
10586,B
10587,A
10588,B
10589,B
10590,C
10591,C
10592,C
10593,A
10594,A
10595,A
10596,B
10597,C
10598,A
10599,A
10600,A
10601,A
10602,C
10603,C
10604,B
10605,A
10606,C
10607,A
10608,A
10609,C
10610,A
10611,C
10612,C
10613,A
10614,C
10615,A
10616,C
10617,A
10618,C
10619,C
10620,A
10621,A
10622,A
10623,B
10624,A
10625,C
10626,C
10627,A
10628,B
10629,C
10630,C
10631,C
10632,A
10633,C
10634,A
10635,C
10636,B
10637,A
10638,C
10639,A
10640,A
10641,C
10642,A
10643,C
10644,C
10645,B
10646,C
10647,A
10648,C
10649,C
10650,C
10651,C
10652,A
10653,A
10654,C
10655,A
10656,A
10657,C
10658,C
10659,B
10660,B
10661,A
10662,A
10663,A
10664,C
10665,B
10666,B
10667,C
10668,C
10669,C
10670,C
10671,B
10672,A
10673,B
10674,A
10675,A
10676,C
10677,A
10678,C
10679,B
10680,C
10681,A
10682,A
10683,C
10684,A
10685,C
10686,C
10687,A
10688,C
10689,B
10690,C
10691,B
10692,C
10693,C
10694,B
10695,A
10696,C
10697,C
10698,C
10699,A
10700,A
10701,C
10702,C
10703,C
10704,A
10705,C
10706,C
10707,B
10708,C
10709,A
10710,C
10711,A
10712,C
10713,A
10714,C
10715,A
10716,B
10717,C
10718,C
10719,A
10720,C
10721,C
10722,A
10723,C
10724,A
10725,C
10726,C
10727,A
10728,A
10729,C
10730,C
10731,C
10732,A
10733,C
10734,C
10735,A
10736,C
10737,A
10738,B
10739,A
10740,A
10741,A
10742,C
10743,C
10744,A
10745,C
10746,A
10747,A
10748,A
10749,C
10750,A
10751,C
10752,A
10753,A
10754,A
10755,A
10756,B
10757,A
10758,B
10759,C
10760,C
10761,B
10762,C
10763,A
10764,C
10765,A
10766,A
10767,A
10768,A
10769,A
10770,C
10771,C
10772,C
10773,C
10774,B
10775,C
10776,B
10777,C
10778,B
10779,A
10780,C
10781,C
10782,A
10783,C
10784,A
10785,C
10786,A
10787,C
10788,B
10789,A
10790,C
10791,A
10792,A
10793,C
10794,A
10795,C
10796,A
10797,A
10798,C
10799,C
10800,A
10801,B
10802,A
10803,A
10804,A
10805,A
10806,B
10807,C
10808,A
10809,C
10810,C
10811,A
10812,A
10813,B
10814,B
10815,C
10816,C
10817,B
10818,B
10819,A
10820,A
10821,A
10822,C
10823,A
10824,A
10825,C
10826,B
10827,A
10828,A
10829,B
10830,B
10831,C
10832,C
10833,C
10834,C
10835,A
10836,C
10837,A
10838,C
10839,B
10840,C
10841,B
10842,C
10843,A
10844,A
10845,C
10846,C
10847,C
10848,A
10849,C
10850,B
10851,A
10852,A
10853,C
10854,A
10855,C
10856,C
10857,A
10858,A
10859,C
10860,A
10861,C
10862,C
10863,C
10864,A
10865,C
10866,B
10867,C
10868,C
10869,B
10870,C
10871,C
10872,A
10873,A
10874,C
10875,C
10876,B
10877,A
10878,A
10879,A
10880,C
10881,A
10882,A
10883,A
10884,C
10885,B
10886,A
10887,A
10888,C
10889,A
10890,B
10891,B
10892,C
10893,A
10894,A
10895,A
10896,C
10897,A
10898,C
10899,B
10900,C
10901,C
10902,B
10903,A
10904,C
10905,A
10906,A
10907,C
10908,A
10909,C
10910,C
10911,C
10912,C
10913,A
10914,A
10915,C
10916,C
10917,A
10918,C
10919,A
10920,C
10921,A
10922,C
10923,A
10924,C
10925,A
10926,A
10927,A
10928,A
10929,C
10930,C
10931,A
10932,A
10933,A
10934,A
10935,C
10936,B
10937,C
10938,A
10939,C
10940,C
10941,B
10942,C
10943,A
10944,A
10945,C
10946,A
10947,C
10948,C
10949,B
10950,C
10951,A
10952,A
10953,B
10954,A
10955,C
10956,A
10957,C
10958,A
10959,C
10960,A
10961,C
10962,A
10963,C
10964,A
10965,C
10966,C
10967,C
10968,A
10969,C
10970,C
10971,A
10972,C
10973,A
10974,A
10975,B
10976,A
10977,A
10978,C
10979,C
10980,B
10981,C
10982,C
10983,A
10984,C
10985,C
10986,C
10987,B
10988,C
10989,C
10990,A
10991,B
10992,A
10993,B
10994,C
10995,C
10996,B
10997,C
10998,B
10999,A
11000,A
11001,A
11002,C
11003,B
11004,A
11005,B
11006,C
11007,A
11008,C
11009,B
11010,B
11011,A
11012,B
11013,C
11014,C
11015,B
11016,A
11017,A
11018,A
11019,C
11020,B
11021,C
11022,B
11023,C
11024,C
11025,C
11026,C
11027,B
11028,C
11029,C
11030,B
11031,C
11032,B
11033,C
11034,B
11035,C
11036,A
11037,C
11038,B
11039,C
11040,A
11041,C
11042,B
11043,C
11044,C
11045,C
11046,A
11047,A
11048,C
11049,B
11050,B
11051,C
11052,B
11053,A
11054,C
11055,A
11056,B
11057,C
11058,C
11059,B
11060,A
11061,A
11062,C
11063,A
11064,C
11065,B
11066,A
11067,B
11068,C
11069,A
11070,A
11071,C
11072,C
11073,B
11074,C
11075,A
11076,C
11077,A
11078,A
11079,A
11080,B
11081,A
11082,C
11083,C
11084,C
11085,A
11086,A
11087,A
11088,A
11089,C
11090,A
11091,C
11092,C
11093,A
11094,C
11095,A
11096,C
11097,C
11098,C
11099,B
11100,C
11101,C
11102,B
11103,A
11104,C
11105,C
11106,A
11107,C
11108,A
11109,C
11110,C
11111,C
11112,C
11113,C
11114,C
11115,C
11116,C
11117,C
11118,B
11119,A
11120,A
11121,B
11122,C
11123,A
11124,A
11125,C
11126,A
11127,B
11128,A
11129,C
11130,A
11131,C
11132,A
11133,C
11134,C
11135,C
11136,C
11137,C
11138,A
11139,C
11140,C
11141,C
11142,C
11143,A
11144,A
11145,A
11146,C
11147,B
11148,C
11149,A
11150,B
11151,C
11152,B
11153,A
11154,A
11155,C
11156,B
11157,C
11158,B
11159,A
11160,B
11161,C
11162,A
11163,C
11164,C
11165,C
11166,C
11167,A
11168,A
11169,C
11170,C
11171,C
11172,B
11173,C
11174,B
11175,A
11176,A
11177,A
11178,C
11179,C
11180,A
11181,B
11182,C
11183,C
11184,C
11185,B
11186,C
11187,A
11188,B
11189,C
11190,C
11191,C
11192,C
11193,A
11194,A
11195,A
11196,C
11197,A
11198,C
11199,C
11200,A
11201,C
11202,C
11203,C
11204,A
11205,A
11206,A
11207,A
11208,C
11209,B
11210,C
11211,A
11212,C
11213,B
11214,C
11215,A
11216,C
11217,C
11218,B
11219,C
11220,C
11221,A
11222,C
11223,B
11224,A
11225,A
11226,C
11227,A
11228,A
11229,C
11230,C
11231,C
11232,C
11233,C
11234,A
11235,C
11236,B
11237,A
11238,A
11239,C
11240,C
11241,A
11242,C
11243,C
11244,A
11245,C
11246,A
11247,A
11248,B
11249,A
11250,B
11251,C
11252,B
11253,C
11254,C
11255,C
11256,A
11257,A
11258,C
11259,A
11260,A
11261,A
11262,C
11263,C
11264,B
11265,A
11266,A
11267,C
11268,C
11269,B
11270,C
11271,B
11272,C
11273,C
11274,B
11275,B
11276,B
11277,C
11278,C
11279,A
11280,C
11281,C
11282,B
11283,C
11284,C
11285,A
11286,A
11287,A
11288,B
11289,B
11290,A
11291,C
11292,B
11293,C
11294,C
11295,A
11296,A
11297,A
11298,A
11299,B
11300,C
11301,A
11302,C
11303,A
11304,B
11305,B
11306,C
11307,B
11308,C
11309,A
11310,C
11311,C
11312,A
11313,C
11314,A
11315,C
11316,B
11317,A
11318,C
11319,A
11320,A
11321,A
11322,A
11323,C
11324,C
11325,B
11326,C
11327,B
11328,B
11329,B
11330,C
11331,A
11332,A
11333,A
11334,C
11335,A
11336,C
11337,A
11338,A
11339,C
11340,A
11341,C
11342,C
11343,B
11344,A
11345,C
11346,B
11347,C
11348,C
11349,C
11350,A
11351,C
11352,B
11353,C
11354,A
11355,C
11356,A
11357,C
11358,C
11359,C
11360,B
11361,B
11362,A
11363,A
11364,C
11365,C
11366,C
11367,C
11368,A
11369,C
11370,C
11371,A
11372,C
11373,C
11374,A
11375,B
11376,C
11377,A
11378,B
11379,A
11380,A
11381,C
11382,C
11383,B
11384,B
11385,B
11386,C
11387,B
11388,C
11389,B
11390,C
11391,A
11392,C
11393,C
11394,C
11395,A
11396,A
11397,C
11398,A
11399,A
11400,B
11401,C
11402,B
11403,C
11404,A
11405,A
11406,B
11407,C
11408,B
11409,A
11410,C
11411,A
11412,C
11413,C
11414,B
11415,C
11416,C
11417,C
11418,C
11419,A
11420,A
11421,C
11422,C
11423,C
11424,B
11425,C
11426,C
11427,A
11428,C
11429,A
11430,C
11431,B
11432,C
11433,A
11434,C
11435,C
11436,C
11437,A
11438,C
11439,B
11440,A
11441,C
11442,C
11443,A
11444,A
11445,C
11446,C
11447,A
11448,A
11449,C
11450,A
11451,C
11452,A
11453,A
11454,A
11455,A
11456,C
11457,C
11458,C
11459,B
11460,A
11461,C
11462,B
11463,C
11464,A
11465,C
11466,C
11467,A
11468,C
11469,A
11470,C
11471,C
11472,A
11473,C
11474,A
11475,C
11476,A
11477,B
11478,C
11479,A
11480,A
11481,C
11482,C
11483,C
11484,A
11485,C
11486,B
11487,C
11488,C
11489,C
11490,C
11491,C
11492,B
11493,C
11494,A
11495,A
11496,A
11497,C
11498,A
11499,C
11500,C
11501,B
11502,C
11503,C
11504,B
11505,C
11506,C
11507,A
11508,A
11509,A
11510,C
11511,A
11512,C
11513,B
11514,A
11515,A
11516,C
11517,B
11518,A
11519,C
11520,A
11521,A
11522,C
11523,A
11524,C
11525,A
11526,A
11527,A
11528,A
11529,C
11530,A
11531,A
11532,C
11533,A
11534,A
11535,A
11536,C
11537,A
11538,A
11539,C
11540,B
11541,C
11542,C
11543,A
11544,C
11545,C
11546,A
11547,B
11548,A
11549,C
11550,A
11551,C
11552,C
11553,A
11554,A
11555,C
11556,A
11557,C
11558,B
11559,A
11560,C
11561,C
11562,C
11563,C
11564,B
11565,A
11566,C
11567,C
11568,A
11569,A
11570,B
11571,A
11572,A
11573,A
11574,C
11575,A
11576,A
11577,A
11578,A
11579,B
11580,B
11581,C
11582,C
11583,A
11584,A
11585,A
11586,A
11587,B
11588,C
11589,C
11590,B
11591,A
11592,C
11593,B
11594,A
11595,A
11596,A
11597,B
11598,C
11599,A
11600,C
11601,A
11602,A
11603,A
11604,C
11605,A
11606,A
11607,A
11608,C
11609,C
11610,A
11611,A
11612,A
11613,A
11614,C
11615,A
11616,C
11617,B
11618,C
11619,C
11620,A
11621,B
11622,A
11623,A
11624,C
11625,A
11626,A
11627,A
11628,A
11629,C
11630,B
11631,B
11632,C
11633,C
11634,A
11635,C
11636,C
11637,A
11638,C
11639,B
11640,C
11641,C
11642,C
11643,B
11644,A
11645,C
11646,C
11647,C
11648,A
11649,A
11650,C
11651,C
11652,C
11653,B
11654,A
11655,C
11656,B
11657,A
11658,A
11659,C
11660,B
11661,A
11662,A
11663,C
11664,B
11665,A
11666,A
11667,A
11668,C
11669,C
11670,C
11671,A
11672,C
11673,A
11674,C
11675,A
11676,C
11677,C
11678,C
11679,C
11680,C
11681,C
11682,A
11683,C
11684,A
11685,C
11686,C
11687,C
11688,B
11689,B
11690,A
11691,C
11692,A
11693,C
11694,C
11695,C
11696,A
11697,B
11698,A
11699,A
11700,C
11701,C
11702,A
11703,A
11704,B
11705,B
11706,C
11707,C
11708,A
11709,C
11710,C
11711,A
11712,C
11713,C
11714,B
11715,A
11716,C
11717,C
11718,C
11719,C
11720,A
11721,B
11722,A
11723,C
11724,C
11725,C
11726,A
11727,A
11728,A
11729,C
11730,A
11731,C
11732,A
11733,A
11734,C
11735,C
11736,C
11737,C
11738,C
11739,C
11740,C
11741,A
11742,B
11743,A
11744,A
11745,A
11746,A
11747,C
11748,C
11749,A
11750,A
11751,A
11752,A
11753,A
11754,C
11755,A
11756,A
11757,B
11758,A
11759,C
11760,C
11761,B
11762,A
11763,A
11764,A
11765,B
11766,B
11767,A
11768,A
11769,C
11770,A
11771,B
11772,C
11773,A
11774,C
11775,A
11776,C
11777,B
11778,A
11779,A
11780,C
11781,A
11782,A
11783,C
11784,A
11785,C
11786,C
11787,A
11788,A
11789,C
11790,A
11791,B
11792,C
11793,C
11794,A
11795,C
11796,A
11797,A
11798,C
11799,C
11800,C
11801,C
11802,A
11803,A
11804,C
11805,B
11806,C
11807,C
11808,B
11809,A
11810,A
11811,C
11812,B
11813,C
11814,A
11815,C
11816,B
11817,B
11818,C
11819,A
11820,C
11821,C
11822,A
11823,B
11824,A
11825,A
11826,C
11827,A
11828,C
11829,C
11830,C
11831,A
11832,A
11833,C
11834,B
11835,B
11836,B
11837,C
11838,A
11839,C
11840,A
11841,B
11842,B
11843,A
11844,A
11845,A
11846,C
11847,C
11848,A
11849,A
11850,A
11851,C
11852,A
11853,B
11854,C
11855,C
11856,A
11857,B
11858,A
11859,C
11860,C
11861,B
11862,B
11863,C
11864,C
11865,C
11866,A
11867,A
11868,C
11869,A
11870,C
11871,C
11872,C
11873,C
11874,C
11875,B
11876,C
11877,C
11878,C
11879,B
11880,B
11881,A
11882,C
11883,A
11884,C
11885,A
11886,C
11887,B
11888,C
11889,B
11890,B
11891,A
11892,B
11893,A
11894,B
11895,A
11896,C
11897,A
11898,C
11899,C
11900,C
11901,C
11902,C
11903,C
11904,C
11905,C
11906,A
11907,C
11908,B
11909,B
11910,C
11911,C
11912,A
11913,C
11914,A
11915,A
11916,C
11917,A
11918,B
11919,B
11920,C
11921,A
11922,A
11923,C
11924,C
11925,A
11926,C
11927,C
11928,C
11929,A
11930,C
11931,C
11932,C
11933,A
11934,C
11935,A
11936,A
11937,C
11938,A
11939,A
11940,B
11941,A
11942,C
11943,B
11944,C
11945,C
11946,A
11947,B
11948,C
11949,A
11950,A
11951,A
11952,A
11953,A
11954,B
11955,C
11956,C
11957,C
11958,A
11959,B
11960,A
11961,C
11962,A
11963,C
11964,C
11965,C
11966,C
11967,C
11968,B
11969,A
11970,A
11971,B
11972,A
11973,A
11974,C
11975,C
11976,A
11977,C
11978,C
11979,A
11980,A
11981,C
11982,C
11983,A
11984,C
11985,A
11986,C
11987,A
11988,A
11989,A
11990,A
11991,B
11992,A
11993,A
11994,A
11995,C
11996,A
11997,B
11998,A
11999,C
12000,B
12001,C
12002,A
12003,C
12004,A
12005,C
12006,B
12007,C
12008,A
12009,B
12010,A
12011,C
12012,B
12013,C
12014,A
12015,C
12016,C
12017,C
12018,A
12019,A
12020,A
12021,B
12022,B
12023,C
12024,C
12025,C
12026,B
12027,A
12028,B
12029,C
12030,C
12031,C
12032,C
12033,A
12034,C
12035,A
12036,C
12037,C
12038,A
12039,C
12040,A
12041,C
12042,A
12043,A
12044,A
12045,A
12046,A
12047,C
12048,C
12049,C
12050,A
12051,B
12052,C
12053,B
12054,C
12055,A
12056,C
12057,A
12058,C
12059,A
12060,C
12061,A
12062,C
12063,C
12064,A
12065,C
12066,A
12067,A
12068,C
12069,A
12070,B
12071,B
12072,C
12073,B
12074,A
12075,A
12076,A
12077,B
12078,C
12079,A
12080,A
12081,A
12082,A
12083,B
12084,C
12085,A
12086,B
12087,C
12088,A
12089,C
12090,C
12091,C
12092,A
12093,C
12094,A
12095,A
12096,A
12097,B
12098,B
12099,C
12100,C
12101,C
12102,A
12103,C
12104,A
12105,C
12106,B
12107,C
12108,C
12109,A
12110,A
12111,A
12112,A
12113,A
12114,C
12115,B
12116,A
12117,C
12118,C
12119,C
12120,B
12121,A
12122,C
12123,A
12124,B
12125,A
12126,C
12127,C
12128,A
12129,A
12130,A
12131,B
12132,A
12133,A
12134,A
12135,C
12136,B
12137,C
12138,A
12139,C
12140,B
12141,A
12142,C
12143,A
12144,C
12145,C
12146,C
12147,C
12148,A
12149,A
12150,B
12151,C
12152,A
12153,C
12154,B
12155,A
12156,A
12157,B
12158,C
12159,C
12160,C
12161,B
12162,A
12163,A
12164,C
12165,C
12166,B
12167,C
12168,C
12169,B
12170,C
12171,C
12172,B
12173,A
12174,B
12175,C
12176,C
12177,C
12178,C
12179,B
12180,C
12181,A
12182,B
12183,A
12184,A
12185,A
12186,C
12187,A
12188,C
12189,C
12190,A
12191,B
12192,A
12193,A
12194,A
12195,A
12196,C
12197,C
12198,C
12199,A
12200,A
12201,A
12202,C
12203,A
12204,C
12205,B
12206,B
12207,B
12208,C
12209,B
12210,A
12211,A
12212,C
12213,C
12214,B
12215,C
12216,B
12217,C
12218,C
12219,A
12220,C
12221,C
12222,A
12223,A
12224,A
12225,A
12226,A
12227,A
12228,C
12229,A
12230,A
12231,A
12232,C
12233,C
12234,A
12235,C
12236,A
12237,A
12238,A
12239,C
12240,B
12241,C
12242,C
12243,A
12244,A
12245,C
12246,A
12247,C
12248,A
12249,C
12250,A
12251,C
12252,B
12253,C
12254,C
12255,A
12256,A
12257,B
12258,C
12259,A
12260,A
12261,A
12262,C
12263,A
12264,A
12265,A
12266,C
12267,A
12268,C
12269,C
12270,A
12271,B
12272,B
12273,A
12274,C
12275,C
12276,C
12277,A
12278,A
12279,A
12280,A
12281,A
12282,C
12283,C
12284,C
12285,B
12286,C
12287,A
12288,A
12289,A
12290,C
12291,A
12292,C
12293,B
12294,C
12295,C
12296,B
12297,C
12298,A
12299,C
12300,A
12301,C
12302,C
12303,A
12304,C
12305,C
12306,C
12307,C
12308,A
12309,A
12310,C
12311,C
12312,A
12313,A
12314,B
12315,C
12316,C
12317,C
12318,C
12319,C
12320,C
12321,A
12322,C
12323,A
12324,C
12325,A
12326,B
12327,A
12328,A
12329,C
12330,C
12331,B
12332,C
12333,B
12334,C
12335,A
12336,A
12337,B
12338,A
12339,C
12340,A
12341,A
12342,A
12343,A
12344,C
12345,C
12346,A
12347,A
12348,A
12349,C
12350,A
12351,C
12352,C
12353,B
12354,A
12355,A
12356,A
12357,C
12358,C
12359,A
12360,C
12361,C
12362,A
12363,C
12364,A
12365,C
12366,A
12367,A
12368,C
12369,C
12370,A
12371,C
12372,A
12373,C
12374,B
12375,C
12376,B
12377,C
12378,A
12379,C
12380,C
12381,A
12382,C
12383,C
12384,C
12385,B
12386,A
12387,A
12388,A
12389,C
12390,A
12391,C
12392,B
12393,C
12394,A
12395,C
12396,B
12397,C
12398,A
12399,A
12400,B
12401,C
12402,B
12403,C
12404,A
12405,C
12406,A
12407,C
12408,A
12409,A
12410,A
12411,C
12412,B
12413,C
12414,C
12415,A
12416,C
12417,C
12418,C
12419,C
12420,C
12421,B
12422,A
12423,A
12424,B
12425,A
12426,C
12427,A
12428,C
12429,A
12430,A
12431,B
12432,A
12433,B
12434,C
12435,C
12436,B
12437,B
12438,A
12439,C
12440,A
12441,C
12442,B
12443,C
12444,C
12445,A
12446,C
12447,B
12448,A
12449,C
12450,A
12451,C
12452,C
12453,C
12454,B
12455,C
12456,C
12457,A
12458,A
12459,C
12460,B
12461,C
12462,A
12463,C
12464,A
12465,C
12466,C
12467,C
12468,C
12469,C
12470,A
12471,C
12472,A
12473,A
12474,C
12475,C
12476,C
12477,A
12478,C
12479,A
12480,A
12481,C
12482,A
12483,C
12484,C
12485,C
12486,A
12487,C
12488,C
12489,C
12490,B
12491,C
12492,A
12493,A
12494,B
12495,C
12496,A
12497,C
12498,A
12499,A
12500,A
12501,A
12502,A
12503,C
12504,C
12505,B
12506,C
12507,C
12508,A
12509,C
12510,B
12511,C
12512,A
12513,A
12514,A
12515,C
12516,B
12517,A
12518,C
12519,C
12520,C
12521,A
12522,A
12523,A
12524,C
12525,C
12526,C
12527,C
12528,C
12529,A
12530,B
12531,B
12532,A
12533,A
12534,C
12535,A
12536,C
12537,B
12538,C
12539,C
12540,B
12541,C
12542,C
12543,A
12544,A
12545,A
12546,A
12547,B
12548,B
12549,A
12550,C
12551,A
12552,C
12553,C
12554,A
12555,A
12556,C
12557,A
12558,C
12559,A
12560,C
12561,C
12562,C
12563,A
12564,B
12565,A
12566,B
12567,A
12568,C
12569,A
12570,C
12571,A
12572,A
12573,C
12574,B
12575,A
12576,A
12577,C
12578,C
12579,C
12580,B
12581,B
12582,B
12583,C
12584,A
12585,C
12586,C
12587,A
12588,C
12589,B
12590,C
12591,A
12592,B
12593,B
12594,A
12595,A
12596,C
12597,A
12598,A
12599,A
12600,A
12601,C
12602,A
12603,A
12604,A
12605,A
12606,C
12607,B
12608,C
12609,C
12610,A
12611,B
12612,C
12613,B
12614,C
12615,A
12616,A
12617,B
12618,A
12619,A
12620,B
12621,A
12622,C
12623,B
12624,C
12625,B
12626,C
12627,C
12628,B
12629,C
12630,B
12631,B
12632,C
12633,C
12634,A
12635,C
12636,B
12637,C
12638,C
12639,A
12640,A
12641,A
12642,C
12643,A
12644,C
12645,A
12646,C
12647,C
12648,A
12649,C
12650,A
12651,C
12652,A
12653,B
12654,A
12655,A
12656,C
12657,C
12658,B
12659,C
12660,B
12661,A
12662,B
12663,A
12664,A
12665,A
12666,C
12667,A
12668,C
12669,C
12670,C
12671,C
12672,A
12673,C
12674,A
12675,C
12676,A
12677,C
12678,A
12679,C
12680,A
12681,C
12682,B
12683,C
12684,A
12685,A
12686,A
12687,C
12688,A
12689,A
12690,C
12691,C
12692,C
12693,C
12694,B
12695,B
12696,A
12697,C
12698,C
12699,A
12700,C
12701,B
12702,C
12703,A
12704,C
12705,A
12706,C
12707,B
12708,C
12709,A
12710,B
12711,C
12712,A
12713,C
12714,A
12715,C
12716,C
12717,C
12718,A
12719,C
12720,A
12721,A
12722,C
12723,A
12724,A
12725,B
12726,C
12727,B
12728,C
12729,A
12730,C
12731,A
12732,C
12733,C
12734,A
12735,C
12736,B
12737,C
12738,C
12739,B
12740,A
12741,C
12742,C
12743,A
12744,B
12745,C
12746,A
12747,C
12748,A
12749,C
12750,A
12751,C
12752,A
12753,A
12754,A
12755,C
12756,C
12757,C
12758,B
12759,A
12760,C
12761,B
12762,A
12763,A
12764,A
12765,C
12766,A
12767,B
12768,B
12769,B
12770,C
12771,B
12772,C
12773,A
12774,C
12775,A
12776,A
12777,A
12778,A
12779,A
12780,C
12781,A
12782,C
12783,A
12784,C
12785,A
12786,C
12787,A
12788,C
12789,A
12790,C
12791,C
12792,C
12793,A
12794,C
12795,A
12796,C
12797,A
12798,C
12799,A
12800,B
12801,C
12802,A
12803,A
12804,C
12805,A
12806,C
12807,A
12808,C
12809,C
12810,B
12811,C
12812,A
12813,C
12814,A
12815,C
12816,A
12817,A
12818,A
12819,A
12820,B
12821,B
12822,C
12823,A
12824,C
12825,A
12826,A
12827,A
12828,C
12829,C
12830,A
12831,A
12832,A
12833,C
12834,A
12835,C
12836,A
12837,C
12838,C
12839,C
12840,A
12841,C
12842,A
12843,C
12844,C
12845,C
12846,C
12847,C
12848,B
12849,C
12850,A
12851,A
12852,A
12853,C
12854,A
12855,A
12856,C
12857,A
12858,A
12859,C
12860,A
12861,A
12862,A
12863,A
12864,A
12865,C
12866,C
12867,A
12868,C
12869,A
12870,C
12871,A
12872,A
12873,A
12874,C
12875,B
12876,A
12877,A
12878,C
12879,A
12880,A
12881,B
12882,C
12883,C
12884,C
12885,B
12886,C
12887,A
12888,A
12889,A
12890,A
12891,A
12892,B
12893,C
12894,C
12895,C
12896,A
12897,C
12898,C
12899,A
12900,A
12901,A
12902,A
12903,A
12904,B
12905,A
12906,C
12907,A
12908,A
12909,A
12910,A
12911,C
12912,B
12913,B
12914,C
12915,A
12916,C
12917,A
12918,A
12919,A
12920,B
12921,C
